Kanton/Canton,BFS/OFS-No,Gemeinde/Commune,Tax Freedom Day,Dauer (Tage)/Durée (jours)
Zürich,72,Winkel,27.01.2011,26
Zürich,88,Neerach,27.01.2011,26
Zürich,139,Rüschlikon,27.01.2011,26
Zürich,152,Herrliberg,27.01.2011,26
Zürich,154,Küsnacht (ZH),27.01.2011,26
Zürich,160,Zumikon,27.01.2011,26
Zürich,161,Zollikon,27.01.2011,26
Zürich,248,Uitikon,27.01.2011,26
Zürich,14,Wettswil am Albis,28.01.2011,27
Zürich,135,Kilchberg (ZH),28.01.2011,27
Zürich,137,Oberrieden,28.01.2011,27
Zürich,141,Thalwil,28.01.2011,27
Zürich,151,Erlenbach (ZH),28.01.2011,27
Zürich,156,Meilen,28.01.2011,27
Zürich,158,Stäfa,28.01.2011,27
Zürich,195,Maur,28.01.2011,27
Zürich,13,Stallikon,29.01.2011,28
Zürich,63,Lufingen,29.01.2011,28
Zürich,64,Nürensdorf,29.01.2011,28
Zürich,82,Boppelsen,29.01.2011,28
Zürich,133,Horgen,29.01.2011,28
Zürich,155,Männedorf,29.01.2011,28
Zürich,159,Uetikon am See,29.01.2011,28
Zürich,193,Fällanden,29.01.2011,28
Zürich,197,Schwerzenbach,29.01.2011,28
Zürich,199,Volketswil,29.01.2011,28
Zürich,213,Brütten,29.01.2011,28
Zürich,241,Aesch (ZH),29.01.2011,28
Zürich,246,Oetwil an der Limmat,29.01.2011,28
Zürich,1,Aeugst am Albis,30.01.2011,29
Zürich,9,Mettmenstetten,30.01.2011,29
Zürich,51,Bachenbülach,30.01.2011,29
Zürich,54,Dietlikon,30.01.2011,29
Zürich,66,Opfikon,30.01.2011,29
Zürich,69,Wallisellen,30.01.2011,29
Zürich,102,Weiach,30.01.2011,29
Zürich,136,Langnau am Albis,30.01.2011,29
Zürich,192,Egg,30.01.2011,29
Zürich,223,Neftenbach,30.01.2011,29
Zürich,227,Seuzach,30.01.2011,29
Zürich,229,Wiesendangen,30.01.2011,29
Zürich,244,Geroldswil,30.01.2011,29
Zürich,249,Unterengstringen,30.01.2011,29
Zürich,251,Weiningen (ZH),30.01.2011,29
Zürich,3,Bonstetten,31.01.2011,30
Zürich,5,Hedingen,31.01.2011,30
Zürich,52,Bassersdorf,31.01.2011,30
Zürich,62,Kloten,31.01.2011,30
Zürich,86,Dielsdorf,31.01.2011,30
Zürich,95,Regensberg,31.01.2011,30
Zürich,96,Regensdorf,31.01.2011,30
Zürich,138,Richterswil,31.01.2011,30
Zürich,142,Wädenswil,31.01.2011,30
Zürich,180,Weisslingen,31.01.2011,30
Zürich,194,Greifensee,31.01.2011,30
Zürich,200,Wangen-Brüttisellen,31.01.2011,30
Zürich,216,Dinhard,31.01.2011,30
Zürich,221,Hettlingen,31.01.2011,30
Zürich,4,Hausen am Albis,01.02.2011,31
Zürich,6,Kappel am Albis,01.02.2011,31
Zürich,11,Ottenbach,01.02.2011,31
Zürich,12,Rifferswil,01.02.2011,31
Zürich,21,Adlikon,01.02.2011,31
Zürich,25,Dachsen,01.02.2011,31
Zürich,28,Flaach,01.02.2011,31
Zürich,30,Andelfingen,01.02.2011,31
Zürich,31,Henggart,01.02.2011,31
Zürich,33,Kleinandelfingen,01.02.2011,31
Zürich,34,Laufen-Uhwiesen,01.02.2011,31
Zürich,39,Thalheim an der Thur,01.02.2011,31
Zürich,40,Trüllikon,01.02.2011,31
Zürich,41,Truttikon,01.02.2011,31
Zürich,53,Bülach,01.02.2011,31
Zürich,57,Freienstein-Teufen,01.02.2011,31
Zürich,59,Hochfelden,01.02.2011,31
Zürich,61,Hüntwangen,01.02.2011,31
Zürich,68,Rorbas,01.02.2011,31
Zürich,71,Wil (ZH),01.02.2011,31
Zürich,83,Buchs (ZH),01.02.2011,31
Zürich,84,Dällikon,01.02.2011,31
Zürich,85,Dänikon,01.02.2011,31
Zürich,87,Hüttikon,01.02.2011,31
Zürich,89,Niederglatt,01.02.2011,31
Zürich,91,Niederweningen,01.02.2011,31
Zürich,93,Oberweningen,01.02.2011,31
Zürich,94,Otelfingen,01.02.2011,31
Zürich,97,Rümlang,01.02.2011,31
Zürich,99,Schöfflisdorf,01.02.2011,31
Zürich,100,Stadel,01.02.2011,31
Zürich,101,Steinmaur,01.02.2011,31
Zürich,112,Bubikon,01.02.2011,31
Zürich,116,Grüningen,01.02.2011,31
Zürich,117,Hinwil,01.02.2011,31
Zürich,131,Adliswil,01.02.2011,31
Zürich,132,Hirzel,01.02.2011,31
Zürich,140,Schönenberg (ZH),01.02.2011,31
Zürich,172,Fehraltorf,01.02.2011,31
Zürich,176,Lindau,01.02.2011,31
Zürich,177,Pfäffikon,01.02.2011,31
Zürich,191,Dübendorf,01.02.2011,31
Zürich,198,Uster,01.02.2011,31
Zürich,211,Altikon,01.02.2011,31
Zürich,212,Bertschikon,01.02.2011,31
Zürich,218,Ellikon an der Thur,01.02.2011,31
Zürich,220,Hagenbuch,01.02.2011,31
Zürich,224,Pfungen,01.02.2011,31
Zürich,225,Rickenbach (ZH),01.02.2011,31
Zürich,242,Birmensdorf (ZH),01.02.2011,31
Zürich,245,Oberengstringen,01.02.2011,31
Zürich,250,Urdorf,01.02.2011,31
Zürich,10,Obfelden,02.02.2011,32
Zürich,22,Benken (ZH),02.02.2011,32
Zürich,23,Berg am Irchel,02.02.2011,32
Zürich,24,Buch am Irchel,02.02.2011,32
Zürich,26,Dorf,02.02.2011,32
Zürich,27,Feuerthalen,02.02.2011,32
Zürich,29,Flurlingen,02.02.2011,32
Zürich,32,Humlikon,02.02.2011,32
Zürich,35,Marthalen,02.02.2011,32
Zürich,56,Embrach,02.02.2011,32
Zürich,58,Glattfelden,02.02.2011,32
Zürich,60,Höri,02.02.2011,32
Zürich,65,Oberembrach,02.02.2011,32
Zürich,67,Rafz,02.02.2011,32
Zürich,70,Wasterkingen,02.02.2011,32
Zürich,90,Niederhasli,02.02.2011,32
Zürich,92,Oberglatt,02.02.2011,32
Zürich,98,Schleinikon,02.02.2011,32
Zürich,111,Bäretswil,02.02.2011,32
Zürich,113,Dürnten,02.02.2011,32
Zürich,115,Gossau (ZH),02.02.2011,32
Zürich,118,Rüti (ZH),02.02.2011,32
Zürich,119,Seegräben,02.02.2011,32
Zürich,121,Wetzikon (ZH),02.02.2011,32
Zürich,153,Hombrechtikon,02.02.2011,32
Zürich,157,Oetwil am See,02.02.2011,32
Zürich,174,Illnau-Effretikon,02.02.2011,32
Zürich,178,Russikon,02.02.2011,32
Zürich,196,Mönchaltorf,02.02.2011,32
Zürich,214,Dägerlen,02.02.2011,32
Zürich,215,Dättlikon,02.02.2011,32
Zürich,217,Elgg,02.02.2011,32
Zürich,219,Elsau,02.02.2011,32
Zürich,247,Schlieren,02.02.2011,32
Zürich,261,Zürich,02.02.2011,32
Zürich,2,Affoltern am Albis,03.02.2011,33
Zürich,7,Knonau,03.02.2011,33
Zürich,8,Maschwanden,03.02.2011,33
Zürich,36,Oberstammheim,03.02.2011,33
Zürich,37,Ossingen,03.02.2011,33
Zürich,38,Rheinau,03.02.2011,33
Zürich,42,Unterstammheim,03.02.2011,33
Zürich,43,Volken,03.02.2011,33
Zürich,44,Waltalingen,03.02.2011,33
Zürich,55,Eglisau,03.02.2011,33
Zürich,81,Bachs,03.02.2011,33
Zürich,114,Fischenthal,03.02.2011,33
Zürich,120,Wald (ZH),03.02.2011,33
Zürich,134,Hütten,03.02.2011,33
Zürich,171,Bauma,03.02.2011,33
Zürich,173,Hittnau,03.02.2011,33
Zürich,175,Kyburg,03.02.2011,33
Zürich,179,Sternenberg,03.02.2011,33
Zürich,181,Wila,03.02.2011,33
Zürich,182,Wildberg,03.02.2011,33
Zürich,222,Hofstetten (ZH),03.02.2011,33
Zürich,226,Schlatt (ZH),03.02.2011,33
Zürich,228,Turbenthal,03.02.2011,33
Zürich,230,Winterthur,03.02.2011,33
Zürich,231,Zell (ZH),03.02.2011,33
Zürich,243,Dietikon,03.02.2011,33
Bern,356,Muri bei Bern,07.02.2011,37
Bern,535,Deisswil bei Münchenbuchsee,07.02.2011,37
Bern,421,Rumendingen,08.02.2011,38
Bern,362,Ittigen,09.02.2011,39
Bern,415,Lyssach,09.02.2011,39
Bern,500,Treiten,09.02.2011,39
Bern,982,Niederönz,09.02.2011,39
Bern,321,Aarwangen,10.02.2011,40
Bern,329,Langenthal,10.02.2011,40
Bern,354,Kirchlindach,10.02.2011,40
Bern,401,Aefligen,10.02.2011,40
Bern,420,Rüdtligen-Alchenflüh,10.02.2011,40
Bern,423,Willadingen,10.02.2011,40
Bern,537,Etzelkofen,10.02.2011,40
Bern,540,Jegenstorf,10.02.2011,40
Bern,543,Mattstetten,10.02.2011,40
Bern,544,Moosseedorf,10.02.2011,40
Bern,553,Wiggiswil,10.02.2011,40
Bern,609,Häutligen,10.02.2011,40
Bern,615,Mirchel,10.02.2011,40
Bern,668,Mühleberg,10.02.2011,40
Bern,742,Mörigen,10.02.2011,40
Bern,782,Guttannen,10.02.2011,40
Bern,843,Saanen,10.02.2011,40
Bern,875,Mühledorf (BE),10.02.2011,40
Bern,972,Berken,10.02.2011,40
Bern,979,Herzogenbuchsee,10.02.2011,40
Bern,981,Niederbipp,10.02.2011,40
Bern,990,Walliswil bei Niederbipp,10.02.2011,40
Bern,332,Madiswil,11.02.2011,41
Bern,337,Roggwil (BE),11.02.2011,41
Bern,341,Schwarzhäusern,11.02.2011,41
Bern,353,Bremgarten bei Bern,11.02.2011,41
Bern,361,Zollikofen,11.02.2011,41
Bern,372,Evilard,11.02.2011,41
Bern,382,Büetigen,11.02.2011,41
Bern,411,Kernenried,11.02.2011,41
Bern,412,Kirchberg (BE),11.02.2011,41
Bern,550,Scheunen,11.02.2011,41
Bern,608,Grosshöchstetten,11.02.2011,41
Bern,623,Rubigen,11.02.2011,41
Bern,630,Allmendingen,11.02.2011,41
Bern,732,Bellmund,11.02.2011,41
Bern,733,Brügg,11.02.2011,41
Bern,751,Täuffelen,11.02.2011,41
Bern,861,Belp,11.02.2011,41
Bern,977,Heimenhausen,11.02.2011,41
Bern,983,Oberbipp,11.02.2011,41
Bern,307,Meikirch,12.02.2011,42
Bern,324,Bleienbach,12.02.2011,42
Bern,331,Lotzwil,12.02.2011,42
Bern,340,Rütschelen,12.02.2011,42
Bern,351,Bern,12.02.2011,42
Bern,352,Bolligen,12.02.2011,42
Bern,355,Köniz,12.02.2011,42
Bern,358,Stettlen,12.02.2011,42
Bern,360,Wohlen bei Bern,12.02.2011,42
Bern,389,Meienried,12.02.2011,42
Bern,403,Bäriswil,12.02.2011,42
Bern,409,Hindelbank,12.02.2011,42
Bern,492,Erlach,12.02.2011,42
Bern,494,Gals,12.02.2011,42
Bern,495,Gampelen,12.02.2011,42
Bern,497,Lüscherz,12.02.2011,42
Bern,502,Vinelz,12.02.2011,42
Bern,532,Bangerten,12.02.2011,42
Bern,541,Iffwil,12.02.2011,42
Bern,546,Münchenbuchsee,12.02.2011,42
Bern,551,Urtenen-Schönbühl,12.02.2011,42
Bern,552,Utzenstorf,12.02.2011,42
Bern,554,Wiler bei Utzenstorf,12.02.2011,42
Bern,556,Zielebach,12.02.2011,42
Bern,557,Zuzwil (BE),12.02.2011,42
Bern,611,Kiesen,12.02.2011,42
Bern,616,Münsingen,12.02.2011,42
Bern,619,Oberdiessbach,12.02.2011,42
Bern,622,Oppligen,12.02.2011,42
Bern,632,Wichtrach,12.02.2011,42
Bern,669,Münchenwiler,12.02.2011,42
Bern,670,Neuenegg,12.02.2011,42
Bern,739,Ipsach,12.02.2011,42
Bern,740,Ligerz,12.02.2011,42
Bern,749,Studen (BE),12.02.2011,42
Bern,756,Twann-Tüscherz,12.02.2011,42
Bern,865,Gelterfingen,12.02.2011,42
Bern,866,Gerzensee,12.02.2011,42
Bern,868,Jaberg,12.02.2011,42
Bern,870,Kehrsatz,12.02.2011,42
Bern,876,Mühlethurnen,12.02.2011,42
Bern,885,Uttigen,12.02.2011,42
Bern,928,Heimberg,12.02.2011,42
Bern,929,Hilterfingen,12.02.2011,42
Bern,934,Oberhofen am Thunersee,12.02.2011,42
Bern,944,Uetendorf,12.02.2011,42
Bern,971,Attiswil,12.02.2011,42
Bern,973,Bettenhausen,12.02.2011,42
Bern,980,Inkwil,12.02.2011,42
Bern,301,Aarberg,13.02.2011,43
Bern,304,Kallnach,13.02.2011,43
Bern,305,Kappelen,13.02.2011,43
Bern,306,Lyss,13.02.2011,43
Bern,322,Auswil,13.02.2011,43
Bern,323,Bannwil,13.02.2011,43
Bern,325,Busswil bei Melchnau,13.02.2011,43
Bern,333,Melchnau,13.02.2011,43
Bern,338,Rohrbach,13.02.2011,43
Bern,342,Thunstetten,13.02.2011,43
Bern,344,Ursenbach,13.02.2011,43
Bern,345,Wynau,13.02.2011,43
Bern,363,Ostermundigen,13.02.2011,43
Bern,371,Biel/Bienne,13.02.2011,43
Bern,383,Büren an der Aare,13.02.2011,43
Bern,387,Lengnau (BE),13.02.2011,43
Bern,392,Pieterlen,13.02.2011,43
Bern,404,Burgdorf,13.02.2011,43
Bern,405,Ersigen,13.02.2011,43
Bern,408,Hellsau,13.02.2011,43
Bern,416,Mötschwil,13.02.2011,43
Bern,417,Niederösch,13.02.2011,43
Bern,419,Oberösch,13.02.2011,43
Bern,422,Rüti bei Lyssach,13.02.2011,43
Bern,439,Péry,13.02.2011,43
Bern,496,Ins,13.02.2011,43
Bern,501,Tschugg,13.02.2011,43
Bern,533,Bätterkinden,13.02.2011,43
Bern,536,Diemerswil,13.02.2011,43
Bern,538,Fraubrunnen,13.02.2011,43
Bern,539,Grafenried,13.02.2011,43
Bern,555,Zauggenried,13.02.2011,43
Bern,602,Arni (BE),13.02.2011,43
Bern,603,Biglen,13.02.2011,43
Bern,606,Brenzikofen,13.02.2011,43
Bern,607,Freimettigen,13.02.2011,43
Bern,612,Konolfingen,13.02.2011,43
Bern,624,Schlosswil,13.02.2011,43
Bern,625,Tägertschi,13.02.2011,43
Bern,627,Worb,13.02.2011,43
Bern,628,Zäziwil,13.02.2011,43
Bern,662,Ferenbalm,13.02.2011,43
Bern,663,Frauenkappelen,13.02.2011,43
Bern,666,Kriechenwil,13.02.2011,43
Bern,667,Laupen,13.02.2011,43
Bern,683,Champoz,13.02.2011,43
Bern,723,La Neuveville,13.02.2011,43
Bern,724,Nods,13.02.2011,43
Bern,741,Merzligen,13.02.2011,43
Bern,745,Port,13.02.2011,43
Bern,746,Safnern,13.02.2011,43
Bern,768,Spiez,13.02.2011,43
Bern,784,Innertkirchen,13.02.2011,43
Bern,841,Gsteig,13.02.2011,43
Bern,862,Belpberg,13.02.2011,43
Bern,872,Kirchdorf (BE),13.02.2011,43
Bern,873,Kirchenthurnen,13.02.2011,43
Bern,874,Lohnstorf,13.02.2011,43
Bern,878,Noflen,13.02.2011,43
Bern,881,Rümligen,13.02.2011,43
Bern,884,Toffen,13.02.2011,43
Bern,905,Rüderswil,13.02.2011,43
Bern,922,Blumenstein,13.02.2011,43
Bern,939,Steffisburg,13.02.2011,43
Bern,941,Thierachern,13.02.2011,43
Bern,954,Huttwil,13.02.2011,43
Bern,956,Rüegsau,13.02.2011,43
Bern,976,Graben,13.02.2011,43
Bern,978,Hermiswil,13.02.2011,43
Bern,985,Ochlenberg,13.02.2011,43
Bern,989,Thörigen,13.02.2011,43
Bern,991,Walliswil bei Wangen,13.02.2011,43
Bern,992,Wangen an der Aare,13.02.2011,43
Bern,993,Wangenried,13.02.2011,43
Bern,995,Wiedlisbach,13.02.2011,43
Bern,302,Bargen (BE),14.02.2011,44
Bern,303,Grossaffoltern,14.02.2011,44
Bern,308,Niederried bei Kallnach,14.02.2011,44
Bern,309,Radelfingen,14.02.2011,44
Bern,310,Rapperswil (BE),14.02.2011,44
Bern,311,Schüpfen,14.02.2011,44
Bern,312,Seedorf (BE),14.02.2011,44
Bern,334,Obersteckholz,14.02.2011,44
Bern,359,Vechigen,14.02.2011,44
Bern,391,Oberwil bei Büren,14.02.2011,44
Bern,402,Alchenstorf,14.02.2011,44
Bern,406,Hasle bei Burgdorf,14.02.2011,44
Bern,410,Höchstetten,14.02.2011,44
Bern,413,Koppigen,14.02.2011,44
Bern,414,Krauchthal,14.02.2011,44
Bern,424,Wynigen,14.02.2011,44
Bern,431,Corgémont,14.02.2011,44
Bern,436,La Heutte,14.02.2011,44
Bern,437,Mont-Tramelan,14.02.2011,44
Bern,442,Romont (BE),14.02.2011,44
Bern,443,Saint-Imier,14.02.2011,44
Bern,448,Villeret,14.02.2011,44
Bern,498,Müntschemier,14.02.2011,44
Bern,534,Büren zum Hof,14.02.2011,44
Bern,542,Limpach,14.02.2011,44
Bern,547,Münchringen,14.02.2011,44
Bern,549,Schalunen,14.02.2011,44
Bern,564,Kandergrund,14.02.2011,44
Bern,566,Krattigen,14.02.2011,44
Bern,567,Reichenbach im Kandertal,14.02.2011,44
Bern,575,Därligen,14.02.2011,44
Bern,576,Grindelwald,14.02.2011,44
Bern,580,Hofstetten bei Brienz,14.02.2011,44
Bern,581,Interlaken,14.02.2011,44
Bern,586,Lütschental,14.02.2011,44
Bern,591,Saxeten,14.02.2011,44
Bern,592,Schwanden bei Brienz,14.02.2011,44
Bern,593,Unterseen,14.02.2011,44
Bern,594,Wilderswil,14.02.2011,44
Bern,604,Bleiken bei Oberdiessbach,14.02.2011,44
Bern,605,Bowil,14.02.2011,44
Bern,610,Herbligen,14.02.2011,44
Bern,617,Niederhünigen,14.02.2011,44
Bern,629,Oberhünigen,14.02.2011,44
Bern,664,Golaten,14.02.2011,44
Bern,691,Crémines,14.02.2011,44
Bern,694,Grandval,14.02.2011,44
Bern,709,Seehof,14.02.2011,44
Bern,731,Aegerten,14.02.2011,44
Bern,736,Hagneck,14.02.2011,44
Bern,748,Schwadernau,14.02.2011,44
Bern,755,Worben,14.02.2011,44
Bern,761,Därstetten,14.02.2011,44
Bern,766,Oberwil im Simmental,14.02.2011,44
Bern,767,Reutigen,14.02.2011,44
Bern,769,Wimmis,14.02.2011,44
Bern,791,Boltigen,14.02.2011,44
Bern,853,Rüschegg,14.02.2011,44
Bern,867,Gurzelen,14.02.2011,44
Bern,869,Kaufdorf,14.02.2011,44
Bern,879,Riggisberg,14.02.2011,44
Bern,883,Seftigen,14.02.2011,44
Bern,886,Wattenwil,14.02.2011,44
Bern,888,Wald (BE),14.02.2011,44
Bern,901,Eggiwil,14.02.2011,44
Bern,903,Lauperswil,14.02.2011,44
Bern,921,Amsoldingen,14.02.2011,44
Bern,923,Buchholterberg,14.02.2011,44
Bern,925,Fahrni,14.02.2011,44
Bern,932,Horrenbach-Buchen,14.02.2011,44
Bern,936,Pohlern,14.02.2011,44
Bern,937,Schwendibach,14.02.2011,44
Bern,938,Sigriswil,14.02.2011,44
Bern,942,Thun,14.02.2011,44
Bern,945,Unterlangenegg,14.02.2011,44
Bern,947,Zwieselberg,14.02.2011,44
Bern,948,Forst-Längenbühl,14.02.2011,44
Bern,951,Affoltern im Emmental,14.02.2011,44
Bern,953,Eriswil,14.02.2011,44
Bern,955,Lützelflüh,14.02.2011,44
Bern,959,Walterswil (BE),14.02.2011,44
Bern,975,Farnern,14.02.2011,44
Bern,987,Rumisberg,14.02.2011,44
Bern,988,Seeberg,14.02.2011,44
Bern,996,Wolfisberg,14.02.2011,44
Bern,326,Gondiswil,15.02.2011,45
Bern,336,Reisiswil,15.02.2011,45
Bern,357,Oberbalm,15.02.2011,45
Bern,381,Arch,15.02.2011,45
Bern,385,Diessbach bei Büren,15.02.2011,45
Bern,394,Wengi,15.02.2011,45
Bern,407,Heimiswil,15.02.2011,45
Bern,418,Oberburg,15.02.2011,45
Bern,438,Orvin,15.02.2011,45
Bern,444,Sonceboz-Sombeval,15.02.2011,45
Bern,499,Siselen,15.02.2011,45
Bern,545,Mülchi,15.02.2011,45
Bern,562,Aeschi bei Spiez,15.02.2011,45
Bern,563,Frutigen,15.02.2011,45
Bern,565,Kandersteg,15.02.2011,45
Bern,572,Bönigen,15.02.2011,45
Bern,573,Brienz (BE),15.02.2011,45
Bern,574,Brienzwiler,15.02.2011,45
Bern,577,Gsteigwiler,15.02.2011,45
Bern,578,Gündlischwand,15.02.2011,45
Bern,579,Habkern,15.02.2011,45
Bern,582,Iseltwald,15.02.2011,45
Bern,585,Leissigen,15.02.2011,45
Bern,587,Matten bei Interlaken,15.02.2011,45
Bern,590,Ringgenberg (BE),15.02.2011,45
Bern,613,Landiswil,15.02.2011,45
Bern,620,Oberthal,15.02.2011,45
Bern,626,Walkringen,15.02.2011,45
Bern,631,Trimstein,15.02.2011,45
Bern,661,Clavaleyres,15.02.2011,45
Bern,665,Gurbrü,15.02.2011,45
Bern,671,Wileroltigen,15.02.2011,45
Bern,681,Belprahon,15.02.2011,45
Bern,684,Châtelat,15.02.2011,45
Bern,699,Monible,15.02.2011,45
Bern,707,Saules (BE),15.02.2011,45
Bern,711,Sorvilier,15.02.2011,45
Bern,712,Souboz,15.02.2011,45
Bern,713,Tavannes,15.02.2011,45
Bern,725,Prêles,15.02.2011,45
Bern,734,Bühl,15.02.2011,45
Bern,737,Hermrigen,15.02.2011,45
Bern,738,Jens,15.02.2011,45
Bern,743,Nidau,15.02.2011,45
Bern,747,Scheuren,15.02.2011,45
Bern,750,Sutz-Lattrigen,15.02.2011,45
Bern,754,Walperswil,15.02.2011,45
Bern,762,Diemtigen,15.02.2011,45
Bern,763,Erlenbach im Simmental,15.02.2011,45
Bern,764,Niederstocken,15.02.2011,45
Bern,793,St. Stephan,15.02.2011,45
Bern,842,Lauenen,15.02.2011,45
Bern,855,Schwarzenburg,15.02.2011,45
Bern,863,Burgistein,15.02.2011,45
Bern,871,Kienersrüti,15.02.2011,45
Bern,877,Niedermuhlern,15.02.2011,45
Bern,880,Rüeggisberg,15.02.2011,45
Bern,902,Langnau im Emmental,15.02.2011,45
Bern,907,Signau,15.02.2011,45
Bern,909,Trubschachen,15.02.2011,45
Bern,924,Eriz,15.02.2011,45
Bern,927,Heiligenschwendi,15.02.2011,45
Bern,935,Oberlangenegg,15.02.2011,45
Bern,940,Teuffenthal (BE),15.02.2011,45
Bern,943,Uebeschi,15.02.2011,45
Bern,946,Wachseldorn,15.02.2011,45
Bern,952,Dürrenroth,15.02.2011,45
Bern,957,Sumiswald,15.02.2011,45
Bern,958,Trachselwald,15.02.2011,45
Bern,335,Oeschenbach,16.02.2011,46
Bern,339,Rohrbachgraben,16.02.2011,46
Bern,386,Dotzigen,16.02.2011,46
Bern,388,Leuzigen,16.02.2011,46
Bern,390,Meinisberg,16.02.2011,46
Bern,432,Cormoret,16.02.2011,46
Bern,440,Plagne,16.02.2011,46
Bern,446,Tramelan,16.02.2011,46
Bern,491,Brüttelen,16.02.2011,46
Bern,493,Finsterhennen,16.02.2011,46
Bern,548,Ruppoldsried,16.02.2011,46
Bern,561,Adelboden,16.02.2011,46
Bern,584,Lauterbrunnen,16.02.2011,46
Bern,588,Niederried bei Interlaken,16.02.2011,46
Bern,589,Oberried am Brienzersee,16.02.2011,46
Bern,614,Linden,16.02.2011,46
Bern,687,Corcelles (BE),16.02.2011,46
Bern,690,Court,16.02.2011,46
Bern,692,Eschert,16.02.2011,46
Bern,696,Loveresse,16.02.2011,46
Bern,700,Moutier,16.02.2011,46
Bern,701,Perrefitte,16.02.2011,46
Bern,702,Pontenet,16.02.2011,46
Bern,703,Reconvilier,16.02.2011,46
Bern,704,Roches (BE),16.02.2011,46
Bern,721,Diesse,16.02.2011,46
Bern,722,Lamboing,16.02.2011,46
Bern,735,Epsach,16.02.2011,46
Bern,744,Orpund,16.02.2011,46
Bern,781,Gadmen,16.02.2011,46
Bern,783,Hasliberg,16.02.2011,46
Bern,785,Meiringen,16.02.2011,46
Bern,786,Schattenhalb,16.02.2011,46
Bern,792,Lenk,16.02.2011,46
Bern,794,Zweisimmen,16.02.2011,46
Bern,852,Guggisberg,16.02.2011,46
Bern,904,Röthenbach im Emmental,16.02.2011,46
Bern,908,Trub,16.02.2011,46
Bern,930,Höfen,16.02.2011,46
Bern,931,Homberg,16.02.2011,46
Bern,960,Wyssachen,16.02.2011,46
Bern,433,Cortébert,17.02.2011,47
Bern,434,Courtelary,17.02.2011,47
Bern,435,La Ferrière,17.02.2011,47
Bern,441,Renan (BE),17.02.2011,47
Bern,447,Vauffelin,17.02.2011,47
Bern,682,Bévilard,17.02.2011,47
Bern,697,Malleray,17.02.2011,47
Bern,706,Saicourt,17.02.2011,47
Bern,708,Schelten,17.02.2011,47
Bern,710,Sornetan,17.02.2011,47
Bern,715,Rebévelier,17.02.2011,47
Bern,765,Oberstocken,17.02.2011,47
Bern,906,Schangnau,17.02.2011,47
Bern,393,Rüti bei Büren,18.02.2011,48
Bern,445,Sonvilier,18.02.2011,48
Bern,571,Beatenberg,18.02.2011,48
Luzern,1063,Meggen,31.01.2011,30
Luzern,1084,Eich,02.02.2011,32
Luzern,1099,Schenkon,03.02.2011,33
Luzern,1026,Eschenbach (LU),05.02.2011,35
Luzern,1069,Weggis,05.02.2011,35
Luzern,1023,Ballwil,06.02.2011,36
Luzern,1058,Horw,06.02.2011,36
Luzern,1095,Oberkirch,06.02.2011,36
Luzern,1053,Dierikon,07.02.2011,37
Luzern,1055,Gisikon,07.02.2011,37
Luzern,1057,Honau,07.02.2011,37
Luzern,1125,Dagmersellen,07.02.2011,37
Luzern,1040,Rothenburg,08.02.2011,38
Luzern,1061,Luzern,08.02.2011,38
Luzern,1088,Hildisrieden,08.02.2011,38
Luzern,1100,Schlierbach,08.02.2011,38
Luzern,1102,Sempach,08.02.2011,38
Luzern,1104,Triengen,08.02.2011,38
Luzern,1123,Altishofen,08.02.2011,38
Luzern,1031,Hochdorf,09.02.2011,39
Luzern,1033,Inwil,09.02.2011,39
Luzern,1051,Adligenswil,09.02.2011,39
Luzern,1052,Buchrain,09.02.2011,39
Luzern,1054,Ebikon,09.02.2011,39
Luzern,1059,Kriens,09.02.2011,39
Luzern,1067,Udligenswil,09.02.2011,39
Luzern,1068,Vitznau,09.02.2011,39
Luzern,1103,Sursee,09.02.2011,39
Luzern,1137,Nebikon,09.02.2011,39
Luzern,1022,Altwis,10.02.2011,40
Luzern,1025,Ermensee,10.02.2011,40
Luzern,1030,Hitzkirch,10.02.2011,40
Luzern,1037,Rain,10.02.2011,40
Luzern,1056,Greppen,10.02.2011,40
Luzern,1065,Root,10.02.2011,40
Luzern,1081,Beromünster,10.02.2011,40
Luzern,1082,Büron,10.02.2011,40
Luzern,1085,Geuensee,10.02.2011,40
Luzern,1024,Emmen,11.02.2011,41
Luzern,1089,Knutwil,11.02.2011,41
Luzern,1091,Mauensee,11.02.2011,41
Luzern,1094,Nottwil,11.02.2011,41
Luzern,1127,Egolzwil,11.02.2011,41
Luzern,1007,Romoos,12.02.2011,42
Luzern,1032,Hohenrain,12.02.2011,42
Luzern,1039,Römerswil,12.02.2011,42
Luzern,1041,Schongau,12.02.2011,42
Luzern,1062,Malters,12.02.2011,42
Luzern,1092,Neudorf,12.02.2011,42
Luzern,1093,Neuenkirch,12.02.2011,42
Luzern,1126,Ebersecken,12.02.2011,42
Luzern,1140,Reiden,12.02.2011,42
Luzern,1143,Schötz,12.02.2011,42
Luzern,1146,Wauwil,12.02.2011,42
Luzern,1147,Wikon,12.02.2011,42
Luzern,1150,Zell (LU),12.02.2011,42
Luzern,1151,Willisau,12.02.2011,42
Luzern,1003,Escholzmatt,13.02.2011,43
Luzern,1021,Aesch (LU),13.02.2011,43
Luzern,1083,Buttisholz,13.02.2011,43
Luzern,1086,Grosswangen,13.02.2011,43
Luzern,1097,Rickenbach (LU),13.02.2011,43
Luzern,1098,Ruswil,13.02.2011,43
Luzern,1121,Alberswil,13.02.2011,43
Luzern,1128,Ettiswil,13.02.2011,43
Luzern,1001,Doppleschwand,14.02.2011,44
Luzern,1002,Entlebuch,14.02.2011,44
Luzern,1004,Flühli,14.02.2011,44
Luzern,1006,Marbach (LU),14.02.2011,44
Luzern,1064,Meierskappel,14.02.2011,44
Luzern,1107,Wolhusen,14.02.2011,44
Luzern,1129,Fischbach,14.02.2011,44
Luzern,1132,Hergiswil bei Willisau,14.02.2011,44
Luzern,1136,Menznau,14.02.2011,44
Luzern,1009,Werthenstein,15.02.2011,45
Luzern,1130,Gettnau,15.02.2011,45
Luzern,1131,Grossdietwil,15.02.2011,45
Luzern,1138,Ohmstal,15.02.2011,45
Luzern,1139,Pfaffnau,15.02.2011,45
Luzern,1142,Roggliswil,15.02.2011,45
Luzern,1005,Hasle (LU),16.02.2011,46
Luzern,1008,Schüpfheim,16.02.2011,46
Luzern,1066,Schwarzenberg,16.02.2011,46
Luzern,1096,Pfeffikon,16.02.2011,46
Luzern,1122,Altbüron,16.02.2011,46
Luzern,1135,Luthern,16.02.2011,46
Luzern,1145,Ufhusen,16.02.2011,46
Uri,1213,Schattdorf,04.02.2011,34
Uri,1214,Seedorf (UR),04.02.2011,34
Uri,1201,Altdorf (UR),05.02.2011,35
Uri,1205,Bürglen (UR),05.02.2011,35
Uri,1207,Flüelen,05.02.2011,35
Uri,1203,Attinghausen,06.02.2011,36
Uri,1212,Realp,06.02.2011,36
Uri,1216,Silenen,06.02.2011,36
Uri,1210,Hospental,07.02.2011,37
Uri,1219,Unterschächen,07.02.2011,37
Uri,1204,Bauen,08.02.2011,38
Uri,1208,Göschenen,08.02.2011,38
Uri,1215,Seelisberg,08.02.2011,38
Uri,1202,Andermatt,09.02.2011,39
Uri,1206,Erstfeld,09.02.2011,39
Uri,1209,Gurtnellen,09.02.2011,39
Uri,1217,Sisikon,09.02.2011,39
Uri,1218,Spiringen,09.02.2011,39
Uri,1220,Wassen,09.02.2011,39
Uri,1211,Isenthal,10.02.2011,40
Schwyz,1323,Wollerau,16.01.2011,15
Schwyz,1321,Feusisberg,17.01.2011,16
Schwyz,1322,Freienbach,17.01.2011,16
Schwyz,1341,Altendorf,21.01.2011,20
Schwyz,1344,Lachen,22.01.2011,21
Schwyz,1331,Küssnacht (SZ),23.01.2011,22
Schwyz,1343,Innerthal,23.01.2011,22
Schwyz,1361,Alpthal,23.01.2011,22
Schwyz,1348,Vorderthal,24.01.2011,23
Schwyz,1369,Riemenstalden,24.01.2011,23
Schwyz,1346,Schübelbach,25.01.2011,24
Schwyz,1365,Lauerz,25.01.2011,24
Schwyz,1372,Schwyz,25.01.2011,24
Schwyz,1342,Galgenen,26.01.2011,25
Schwyz,1347,Tuggen,26.01.2011,25
Schwyz,1349,Wangen (SZ),26.01.2011,25
Schwyz,1367,Muotathal,26.01.2011,25
Schwyz,1368,Oberiberg,26.01.2011,25
Schwyz,1371,Sattel,26.01.2011,25
Schwyz,1374,Steinerberg,26.01.2011,25
Schwyz,1301,Einsiedeln,27.01.2011,26
Schwyz,1362,Arth,27.01.2011,26
Schwyz,1364,Ingenbohl,27.01.2011,26
Schwyz,1375,Unteriberg,27.01.2011,26
Schwyz,1311,Gersau,28.01.2011,27
Schwyz,1345,Reichenburg,28.01.2011,27
Schwyz,1370,Rothenthurm,28.01.2011,27
Schwyz,1373,Steinen,28.01.2011,27
Schwyz,1363,Illgau,29.01.2011,28
Schwyz,1366,Morschach,29.01.2011,28
Obwalden,1407,Sarnen,03.02.2011,33
Obwalden,1402,Engelberg,04.02.2011,34
Obwalden,1401,Alpnach,05.02.2011,35
Obwalden,1406,Sachseln,05.02.2011,35
Obwalden,1404,Kerns,06.02.2011,36
Obwalden,1403,Giswil,08.02.2011,38
Obwalden,1405,Lungern,08.02.2011,38
Nidwalden,1507,Hergiswil (NW),29.01.2011,28
Nidwalden,1505,Ennetbürgen,31.01.2011,30
Nidwalden,1510,Stansstad,31.01.2011,30
Nidwalden,1502,Buochs,02.02.2011,32
Nidwalden,1504,Emmetten,02.02.2011,32
Nidwalden,1508,Oberdorf (NW),02.02.2011,32
Nidwalden,1501,Beckenried,03.02.2011,33
Nidwalden,1509,Stans,03.02.2011,33
Nidwalden,1503,Dallenwil,04.02.2011,34
Nidwalden,1506,Ennetmoos,04.02.2011,34
Nidwalden,1511,Wolfenschiessen,06.02.2011,36
Glarus,1630,Glarus Nord,05.02.2011,35
Glarus,1632,Glarus,05.02.2011,35
Glarus,1631,Glarus Süd,06.02.2011,36
Zug,1701,Baar,17.01.2011,16
Zug,1707,Risch,17.01.2011,16
Zug,1708,Steinhausen,17.01.2011,16
Zug,1710,Walchwil,17.01.2011,16
Zug,1711,Zug,17.01.2011,16
Zug,1702,Cham,18.01.2011,17
Zug,1703,Hünenberg,18.01.2011,17
Zug,1704,Menzingen,18.01.2011,17
Zug,1705,Neuheim,18.01.2011,17
Zug,1706,Oberägeri,18.01.2011,17
Zug,1709,Unterägeri,18.01.2011,17
Fribourg,2261,Greng,02.02.2011,32
Fribourg,2051,Delley-Portalban,08.02.2011,38
Fribourg,2194,Ferpicloz,08.02.2011,38
Fribourg,2271,Meyriez,08.02.2011,38
Fribourg,2244,Büchslen,09.02.2011,39
Fribourg,2022,Gletterens,10.02.2011,40
Fribourg,2174,Avry,10.02.2011,40
Fribourg,2179,Chésopelloz,10.02.2011,40
Fribourg,2197,Givisiez,10.02.2011,40
Fribourg,2208,Matran,10.02.2011,40
Fribourg,2228,Villars-sur-Glâne,10.02.2011,40
Fribourg,2274,Muntelier,10.02.2011,40
Fribourg,2281,Haut-Vully,10.02.2011,40
Fribourg,2008,Châtillon (FR),11.02.2011,41
Fribourg,2148,Riaz,11.02.2011,41
Fribourg,2152,Sâles,11.02.2011,41
Fribourg,2198,Granges-Paccot,11.02.2011,41
Fribourg,2250,Courgevaux,11.02.2011,41
Fribourg,2260,Gempenach,11.02.2011,41
Fribourg,2266,Kleinbösingen,11.02.2011,41
Fribourg,2280,Bas-Vully,11.02.2011,41
Fribourg,2010,Cheyres,12.02.2011,42
Fribourg,2043,Sévaz,12.02.2011,42
Fribourg,2061,Auboranges,12.02.2011,42
Fribourg,2089,Montet (Glâne),12.02.2011,42
Fribourg,2099,Siviriez,12.02.2011,42
Fribourg,2102,Ursy,12.02.2011,42
Fribourg,2125,Bulle,12.02.2011,42
Fribourg,2131,Echarlens,12.02.2011,42
Fribourg,2134,Grandvillard,12.02.2011,42
Fribourg,2140,Marsens,12.02.2011,42
Fribourg,2257,Cressier (FR),12.02.2011,42
Fribourg,2259,Galmiz,12.02.2011,42
Fribourg,2275,Murten,12.02.2011,42
Fribourg,2305,Schmitten (FR),12.02.2011,42
Fribourg,2004,Bussy (FR),13.02.2011,43
Fribourg,2040,Russy,13.02.2011,43
Fribourg,2115,Torny,13.02.2011,43
Fribourg,2122,Pont-en-Ogoz,13.02.2011,43
Fribourg,2129,Corbières,13.02.2011,43
Fribourg,2130,Crésuz,13.02.2011,43
Fribourg,2147,Pont-la-Ville,13.02.2011,43
Fribourg,2183,Corminboeuf,13.02.2011,43
Fribourg,2189,Ependes (FR),13.02.2011,43
Fribourg,2196,Fribourg,13.02.2011,43
Fribourg,2233,Hauterive (FR),13.02.2011,43
Fribourg,2258,Fräschels,13.02.2011,43
Fribourg,2276,Ried bei Kerzers,13.02.2011,43
Fribourg,2277,Salvenach,13.02.2011,43
Fribourg,2291,Alterswil,13.02.2011,43
Fribourg,2293,Düdingen,13.02.2011,43
Fribourg,2295,Bösingen,13.02.2011,43
Fribourg,2328,Granges (Veveyse),13.02.2011,43
Fribourg,2005,Châbles,14.02.2011,44
Fribourg,2011,Cugy (FR),14.02.2011,44
Fribourg,2013,Domdidier,14.02.2011,44
Fribourg,2025,Lully (FR),14.02.2011,44
Fribourg,2039,Rueyres-les-Prés,14.02.2011,44
Fribourg,2041,Saint-Aubin (FR),14.02.2011,44
Fribourg,2045,Vallon,14.02.2011,44
Fribourg,2050,Les Montets,14.02.2011,44
Fribourg,2066,Chapelle (Glâne),14.02.2011,44
Fribourg,2068,Châtonnaye,14.02.2011,44
Fribourg,2112,Vuarmarens,14.02.2011,44
Fribourg,2114,Villorsonnens,14.02.2011,44
Fribourg,2155,Vaulruz,14.02.2011,44
Fribourg,2175,Belfaux,14.02.2011,44
Fribourg,2206,Marly,14.02.2011,44
Fribourg,2220,Le Mouret,14.02.2011,44
Fribourg,2235,La Sonnaz,14.02.2011,44
Fribourg,2278,Ulmiz,14.02.2011,44
Fribourg,2306,Tafers,14.02.2011,44
Fribourg,2307,Tentlingen,14.02.2011,44
Fribourg,2308,Ueberstorf,14.02.2011,44
Fribourg,2321,Attalens,14.02.2011,44
Fribourg,2017,Font,15.02.2011,45
Fribourg,2024,Léchelles,15.02.2011,45
Fribourg,2029,Montagny (FR),15.02.2011,45
Fribourg,2087,Mézières (FR),15.02.2011,45
Fribourg,2111,Villaz-Saint-Pierre,15.02.2011,45
Fribourg,2128,Châtel-sur-Montsalvens,15.02.2011,45
Fribourg,2135,Gruyères,15.02.2011,45
Fribourg,2137,Hauteville,15.02.2011,45
Fribourg,2149,La Roche,15.02.2011,45
Fribourg,2153,Sorens,15.02.2011,45
Fribourg,2162,Bas-Intyamon,15.02.2011,45
Fribourg,2177,Chénens,15.02.2011,45
Fribourg,2211,Neyruz (FR),15.02.2011,45
Fribourg,2213,Noréaz,15.02.2011,45
Fribourg,2216,Pierrafortscha,15.02.2011,45
Fribourg,2222,Rossens (FR),15.02.2011,45
Fribourg,2251,Courlevon,15.02.2011,45
Fribourg,2264,Jeuss,15.02.2011,45
Fribourg,2265,Kerzers,15.02.2011,45
Fribourg,2270,Lurtigen,15.02.2011,45
Fribourg,2304,St. Ursen,15.02.2011,45
Fribourg,2325,Châtel-Saint-Denis,15.02.2011,45
Fribourg,2336,Semsales,15.02.2011,45
Fribourg,2338,La Verrerie,15.02.2011,45
Fribourg,2015,Estavayer-le-Lac,16.02.2011,46
Fribourg,2033,Morens (FR),16.02.2011,46
Fribourg,2049,Vuissens,16.02.2011,46
Fribourg,2052,Vernay,16.02.2011,46
Fribourg,2097,Rue,16.02.2011,46
Fribourg,2116,La Folliaz,16.02.2011,46
Fribourg,2121,Haut-Intyamon,16.02.2011,46
Fribourg,2123,Botterens,16.02.2011,46
Fribourg,2127,Charmey,16.02.2011,46
Fribourg,2143,Morlon,16.02.2011,46
Fribourg,2145,Le Pâquier (FR),16.02.2011,46
Fribourg,2160,Vuadens,16.02.2011,46
Fribourg,2171,Arconciel,16.02.2011,46
Fribourg,2185,Corserey,16.02.2011,46
Fribourg,2186,Cottens (FR),16.02.2011,46
Fribourg,2200,Grolley,16.02.2011,46
Fribourg,2221,Prez-vers-Noréaz,16.02.2011,46
Fribourg,2225,Senèdes,16.02.2011,46
Fribourg,2230,Villarsel-sur-Marly,16.02.2011,46
Fribourg,2254,Courtepin,16.02.2011,46
Fribourg,2262,Gurmels,16.02.2011,46
Fribourg,2279,Villarepos,16.02.2011,46
Fribourg,2283,Wallenried,16.02.2011,46
Fribourg,2294,Giffers,16.02.2011,46
Fribourg,2301,Rechthalten,16.02.2011,46
Fribourg,2302,St. Antoni,16.02.2011,46
Fribourg,2309,Wünnewil-Flamatt,16.02.2011,46
Fribourg,2323,Bossonnens,16.02.2011,46
Fribourg,2333,Remaufens,16.02.2011,46
Fribourg,2009,Cheiry,17.02.2011,47
Fribourg,2014,Dompierre (FR),17.02.2011,47
Fribourg,2016,Fétigny,17.02.2011,47
Fribourg,2027,Ménières,17.02.2011,47
Fribourg,2038,Prévondavaux,17.02.2011,47
Fribourg,2044,Surpierre,17.02.2011,47
Fribourg,2047,Villeneuve (FR),17.02.2011,47
Fribourg,2063,Billens-Hennens,17.02.2011,47
Fribourg,2072,Ecublens (FR),17.02.2011,47
Fribourg,2079,Grangettes,17.02.2011,47
Fribourg,2113,Vuisternens-devant-Romont,17.02.2011,47
Fribourg,2124,Broc,17.02.2011,47
Fribourg,2173,Autigny,17.02.2011,47
Fribourg,2192,Farvagny,17.02.2011,47
Fribourg,2217,Ponthaux,17.02.2011,47
Fribourg,2223,Le Glèbe,17.02.2011,47
Fribourg,2226,Treyvaux,17.02.2011,47
Fribourg,2234,La Brillaz,17.02.2011,47
Fribourg,2243,Barberêche,17.02.2011,47
Fribourg,2272,Misery-Courtion,17.02.2011,47
Fribourg,2292,Brünisried,17.02.2011,47
Fribourg,2296,Heitenried,17.02.2011,47
Fribourg,2335,Saint-Martin (FR),17.02.2011,47
Fribourg,2337,Le Flon,17.02.2011,47
Fribourg,2034,Murist,18.02.2011,48
Fribourg,2035,Nuvilly,18.02.2011,48
Fribourg,2086,Massonnens,18.02.2011,48
Fribourg,2172,Autafond,18.02.2011,48
Fribourg,2300,Plasselb,18.02.2011,48
Fribourg,2067,Le Châtelard,19.02.2011,49
Fribourg,2096,Romont (FR),19.02.2011,49
Fribourg,2184,Corpataux-Magnedens,19.02.2011,49
Fribourg,2231,Vuisternens-en-Ogoz,19.02.2011,49
Fribourg,2299,Plaffeien,19.02.2011,49
Fribourg,2126,Cerniat (FR),20.02.2011,50
Fribourg,2138,Jaun,20.02.2011,50
Fribourg,2303,St. Silvester,20.02.2011,50
Fribourg,2310,Zumholz,20.02.2011,50
Fribourg,2298,Oberschrot,21.02.2011,51
Solothurn,2544,Feldbrunnen-St. Niklaus,06.02.2011,36
Solothurn,2549,Kammersrohr,07.02.2011,37
Solothurn,2455,Lüterkofen-Ichertswil,11.02.2011,41
Solothurn,2572,Däniken,11.02.2011,41
Solothurn,2582,Rickenbach (SO),11.02.2011,41
Solothurn,2543,Bettlach,12.02.2011,42
Solothurn,2402,Härkingen,13.02.2011,43
Solothurn,2473,Dornach,13.02.2011,43
Solothurn,2495,Niedergösgen,14.02.2011,44
Solothurn,2526,Lohn-Ammannsegg,14.02.2011,44
Solothurn,2571,Boningen,14.02.2011,44
Solothurn,2401,Egerkingen,15.02.2011,45
Solothurn,2404,Neuendorf,15.02.2011,45
Solothurn,2407,Oensingen,15.02.2011,45
Solothurn,2442,Aetingen,15.02.2011,45
Solothurn,2459,Nennigkofen,15.02.2011,45
Solothurn,2493,Lostorf,15.02.2011,45
Solothurn,2503,Erlinsbach (SO),15.02.2011,45
Solothurn,2525,Kriegstetten,15.02.2011,45
Solothurn,2528,Obergerlafingen,15.02.2011,45
Solothurn,2574,Eppenberg-Wöschnau,15.02.2011,45
Solothurn,2579,Hägendorf,15.02.2011,45
Solothurn,2581,Olten,15.02.2011,45
Solothurn,2584,Starrkirch-Wil,15.02.2011,45
Solothurn,2405,Niederbuchsiten,16.02.2011,46
Solothurn,2441,Aetigkofen,16.02.2011,46
Solothurn,2445,Biezwil,16.02.2011,46
Solothurn,2463,Unterramsern,16.02.2011,46
Solothurn,2474,Gempen,16.02.2011,46
Solothurn,2524,Hüniken,16.02.2011,46
Solothurn,2542,Bellach,16.02.2011,46
Solothurn,2554,Riedholz,16.02.2011,46
Solothurn,2555,Rüttenen,16.02.2011,46
Solothurn,2406,Oberbuchsiten,17.02.2011,47
Solothurn,2446,Brügglen,17.02.2011,47
Solothurn,2450,Hessigkofen,17.02.2011,47
Solothurn,2454,Lüsslingen,17.02.2011,47
Solothurn,2456,Lüterswil-Gächliwil,17.02.2011,47
Solothurn,2457,Messen,17.02.2011,47
Solothurn,2462,Tscheppach,17.02.2011,47
Solothurn,2498,Rohr (SO),17.02.2011,47
Solothurn,2511,Aeschi (SO),17.02.2011,47
Solothurn,2541,Balm bei Günsberg,17.02.2011,47
Solothurn,2547,Günsberg,17.02.2011,47
Solothurn,2550,Langendorf,17.02.2011,47
Solothurn,2575,Fulenbach,17.02.2011,47
Solothurn,2578,Gunzgen,17.02.2011,47
Solothurn,2580,Kappel (SO),17.02.2011,47
Solothurn,2403,Kestenholz,18.02.2011,48
Solothurn,2408,Wolfwil,18.02.2011,48
Solothurn,2422,Balsthal,18.02.2011,48
Solothurn,2452,Küttigkofen,18.02.2011,48
Solothurn,2476,Hofstetten-Flüh,18.02.2011,48
Solothurn,2499,Stüsslingen,18.02.2011,48
Solothurn,2516,Deitingen,18.02.2011,48
Solothurn,2529,Oekingen,18.02.2011,48
Solothurn,2546,Grenchen,18.02.2011,48
Solothurn,2556,Selzach,18.02.2011,48
Solothurn,2576,Gretzenbach,18.02.2011,48
Solothurn,2583,Schönenwerd,18.02.2011,48
Solothurn,2586,Wangen bei Olten,18.02.2011,48
Solothurn,2614,Büsserach,18.02.2011,48
Solothurn,2423,Gänsbrunnen,19.02.2011,49
Solothurn,2444,Bibern (SO),19.02.2011,49
Solothurn,2449,Gossliwil,19.02.2011,49
Solothurn,2475,Hochwald,19.02.2011,49
Solothurn,2481,Witterswil,19.02.2011,49
Solothurn,2497,Obergösgen,19.02.2011,49
Solothurn,2500,Trimbach,19.02.2011,49
Solothurn,2518,Etziken,19.02.2011,49
Solothurn,2519,Gerlafingen,19.02.2011,49
Solothurn,2520,Halten,19.02.2011,49
Solothurn,2530,Recherswil,19.02.2011,49
Solothurn,2534,Zuchwil,19.02.2011,49
Solothurn,2545,Flumenthal,19.02.2011,49
Solothurn,2548,Hubersdorf,19.02.2011,49
Solothurn,2573,Dulliken,19.02.2011,49
Solothurn,2601,Solothurn,19.02.2011,49
Solothurn,2613,Breitenbach,19.02.2011,49
Solothurn,2618,Himmelried,19.02.2011,49
Solothurn,2428,Mümliswil-Ramiswil,20.02.2011,50
Solothurn,2453,Kyburg-Buchegg,20.02.2011,50
Solothurn,2458,Mühledorf (SO),20.02.2011,50
Solothurn,2461,Schnottwil,20.02.2011,50
Solothurn,2471,Bättwil,20.02.2011,50
Solothurn,2478,Nuglar-St. Pantaleon,20.02.2011,50
Solothurn,2479,Rodersdorf,20.02.2011,50
Solothurn,2491,Hauenstein-Ifenthal,20.02.2011,50
Solothurn,2501,Winznau,20.02.2011,50
Solothurn,2513,Biberist,20.02.2011,50
Solothurn,2521,Heinrichswil-Winistorf,20.02.2011,50
Solothurn,2522,Hersiwil,20.02.2011,50
Solothurn,2553,Oberdorf (SO),20.02.2011,50
Solothurn,2585,Walterswil (SO),20.02.2011,50
Solothurn,2621,Nunningen,20.02.2011,50
Solothurn,2426,Laupersdorf,21.02.2011,51
Solothurn,2477,Metzerlen-Mariastein,21.02.2011,51
Solothurn,2480,Seewen,21.02.2011,51
Solothurn,2502,Wisen (SO),21.02.2011,51
Solothurn,2514,Bolken,21.02.2011,51
Solothurn,2517,Derendingen,21.02.2011,51
Solothurn,2523,Horriwil,21.02.2011,51
Solothurn,2527,Luterbach,21.02.2011,51
Solothurn,2531,Steinhof,21.02.2011,51
Solothurn,2532,Subingen,21.02.2011,51
Solothurn,2611,Bärschwil,21.02.2011,51
Solothurn,2612,Beinwil (SO),21.02.2011,51
Solothurn,2616,Fehren,21.02.2011,51
Solothurn,2617,Grindel,21.02.2011,51
Solothurn,2619,Kleinlützel,21.02.2011,51
Solothurn,2421,Aedermannsdorf,22.02.2011,52
Solothurn,2425,Holderbank (SO),22.02.2011,52
Solothurn,2472,Büren (SO),22.02.2011,52
Solothurn,2551,Lommiswil,22.02.2011,52
Solothurn,2615,Erschwil,22.02.2011,52
Solothurn,2622,Zullwil,22.02.2011,52
Solothurn,2424,Herbetswil,23.02.2011,53
Solothurn,2427,Matzendorf,23.02.2011,53
Solothurn,2429,Welschenrohr,23.02.2011,53
Solothurn,2492,Kienberg,23.02.2011,53
Solothurn,2620,Meltingen,23.02.2011,53
Basel-Stadt,2702,Bettingen,13.02.2011,43
Basel-Stadt,2703,Riehen,14.02.2011,44
Basel-Stadt,2701,Basel,17.02.2011,47
Basel-Land,2767,Bottmingen,06.02.2011,36
Basel-Land,2763,Arlesheim,07.02.2011,37
Basel-Land,2765,Binningen,07.02.2011,37
Basel-Land,2772,Pfeffingen,07.02.2011,37
Basel-Land,2764,Biel-Benken,08.02.2011,38
Basel-Land,2771,Oberwil (BL),08.02.2011,38
Basel-Land,2864,Thürnen,08.02.2011,38
Basel-Land,2773,Reinach (BL),09.02.2011,39
Basel-Land,2775,Therwil,09.02.2011,39
Basel-Land,2822,Augst,09.02.2011,39
Basel-Land,2833,Seltisberg,09.02.2011,39
Basel-Land,2761,Aesch (BL),10.02.2011,40
Basel-Land,2762,Allschwil,10.02.2011,40
Basel-Land,2769,Münchenstein,10.02.2011,40
Basel-Land,2770,Muttenz,10.02.2011,40
Basel-Land,2774,Schönenbuch,10.02.2011,40
Basel-Land,2782,Brislach,10.02.2011,40
Basel-Land,2788,Liesberg,10.02.2011,40
Basel-Land,2791,Röschenz,10.02.2011,40
Basel-Land,2792,Wahlen,10.02.2011,40
Basel-Land,2793,Zwingen,10.02.2011,40
Basel-Land,2821,Arisdorf,10.02.2011,40
Basel-Land,2824,Frenkendorf,10.02.2011,40
Basel-Land,2825,Füllinsdorf,10.02.2011,40
Basel-Land,2826,Giebenach,10.02.2011,40
Basel-Land,2827,Hersberg,10.02.2011,40
Basel-Land,2828,Lausen,10.02.2011,40
Basel-Land,2842,Böckten,10.02.2011,40
Basel-Land,2846,Gelterkinden,10.02.2011,40
Basel-Land,2850,Känerkinden,10.02.2011,40
Basel-Land,2854,Nusshof,10.02.2011,40
Basel-Land,2861,Sissach,10.02.2011,40
Basel-Land,2862,Tecknau,10.02.2011,40
Basel-Land,2867,Wittinsburg,10.02.2011,40
Basel-Land,2869,Zunzgen,10.02.2011,40
Basel-Land,2884,Diegten,10.02.2011,40
Basel-Land,2888,Langenbruck,10.02.2011,40
Basel-Land,2890,Liedertswil,10.02.2011,40
Basel-Land,2892,Oberdorf (BL),10.02.2011,40
Basel-Land,2768,Ettingen,11.02.2011,41
Basel-Land,2783,Burg im Leimental,11.02.2011,41
Basel-Land,2785,Duggingen,11.02.2011,41
Basel-Land,2786,Grellingen,11.02.2011,41
Basel-Land,2787,Laufen,11.02.2011,41
Basel-Land,2830,Lupsingen,11.02.2011,41
Basel-Land,2831,Pratteln,11.02.2011,41
Basel-Land,2832,Ramlinsburg,11.02.2011,41
Basel-Land,2834,Ziefen,11.02.2011,41
Basel-Land,2841,Anwil,11.02.2011,41
Basel-Land,2844,Buus,11.02.2011,41
Basel-Land,2847,Häfelfingen,11.02.2011,41
Basel-Land,2849,Itingen,11.02.2011,41
Basel-Land,2856,Ormalingen,11.02.2011,41
Basel-Land,2857,Rickenbach (BL),11.02.2011,41
Basel-Land,2860,Rünenberg,11.02.2011,41
Basel-Land,2863,Tenniken,11.02.2011,41
Basel-Land,2865,Wenslingen,11.02.2011,41
Basel-Land,2881,Arboldswil,11.02.2011,41
Basel-Land,2883,Bretzwil,11.02.2011,41
Basel-Land,2887,Lampenberg,11.02.2011,41
Basel-Land,2889,Lauwil,11.02.2011,41
Basel-Land,2893,Reigoldswil,11.02.2011,41
Basel-Land,2894,Titterten,11.02.2011,41
Basel-Land,2766,Birsfelden,12.02.2011,42
Basel-Land,2781,Blauen,12.02.2011,42
Basel-Land,2789,Nenzlingen,12.02.2011,42
Basel-Land,2790,Roggenburg,12.02.2011,42
Basel-Land,2823,Bubendorf,12.02.2011,42
Basel-Land,2829,Liestal,12.02.2011,42
Basel-Land,2843,Buckten,12.02.2011,42
Basel-Land,2845,Diepflingen,12.02.2011,42
Basel-Land,2851,Kilchberg (BL),12.02.2011,42
Basel-Land,2852,Läufelfingen,12.02.2011,42
Basel-Land,2853,Maisprach,12.02.2011,42
Basel-Land,2855,Oltingen,12.02.2011,42
Basel-Land,2858,Rothenfluh,12.02.2011,42
Basel-Land,2859,Rümlingen,12.02.2011,42
Basel-Land,2866,Wintersingen,12.02.2011,42
Basel-Land,2868,Zeglingen,12.02.2011,42
Basel-Land,2882,Bennwil,12.02.2011,42
Basel-Land,2885,Eptingen,12.02.2011,42
Basel-Land,2886,Hölstein,12.02.2011,42
Basel-Land,2891,Niederdorf,12.02.2011,42
Basel-Land,2895,Waldenburg,12.02.2011,42
Basel-Land,2784,Dittingen,13.02.2011,43
Basel-Land,2848,Hemmiken,13.02.2011,43
Schaffhausen,2919,Stetten (SH),04.02.2011,34
Schaffhausen,2938,Rüdlingen,05.02.2011,35
Schaffhausen,2903,Löhningen,06.02.2011,36
Schaffhausen,2915,Dörflingen,06.02.2011,36
Schaffhausen,2920,Thayngen,06.02.2011,36
Schaffhausen,2933,Buchberg,06.02.2011,36
Schaffhausen,2904,Neunkirch,09.02.2011,39
Schaffhausen,2917,Lohn (SH),09.02.2011,39
Schaffhausen,2932,Beringen,09.02.2011,39
Schaffhausen,2937,Neuhausen am Rheinfall,09.02.2011,39
Schaffhausen,2964,Stein am Rhein,09.02.2011,39
Schaffhausen,2902,Guntmadingen,10.02.2011,40
Schaffhausen,2939,Schaffhausen,10.02.2011,40
Schaffhausen,2961,Buch (SH),10.02.2011,40
Schaffhausen,2962,Hemishofen,10.02.2011,40
Schaffhausen,2914,Büttenhardt,11.02.2011,41
Schaffhausen,2931,Bargen (SH),11.02.2011,41
Schaffhausen,2953,Siblingen,11.02.2011,41
Schaffhausen,2971,Hallau,11.02.2011,41
Schaffhausen,2974,Wilchingen,11.02.2011,41
Schaffhausen,2901,Gächlingen,12.02.2011,42
Schaffhausen,2936,Merishausen,12.02.2011,42
Schaffhausen,2963,Ramsen,12.02.2011,42
Schaffhausen,2951,Beggingen,13.02.2011,43
Schaffhausen,2952,Schleitheim,13.02.2011,43
Schaffhausen,2972,Oberhallau,13.02.2011,43
Schaffhausen,2973,Trasadingen,13.02.2011,43
Appenzell-Ausserhoden,3024,Teufen (AR),04.02.2011,34
Appenzell-Ausserhoden,3023,Speicher,08.02.2011,38
Appenzell-Ausserhoden,3003,Schönengrund,09.02.2011,39
Appenzell-Ausserhoden,3005,Stein (AR),09.02.2011,39
Appenzell-Ausserhoden,3022,Gais,09.02.2011,39
Appenzell-Ausserhoden,3032,Heiden,09.02.2011,39
Appenzell-Ausserhoden,3033,Lutzenberg,09.02.2011,39
Appenzell-Ausserhoden,3037,Walzenhausen,09.02.2011,39
Appenzell-Ausserhoden,3001,Herisau,10.02.2011,40
Appenzell-Ausserhoden,3004,Schwellbrunn,10.02.2011,40
Appenzell-Ausserhoden,3034,Rehetobel,10.02.2011,40
Appenzell-Ausserhoden,3002,Hundwil,11.02.2011,41
Appenzell-Ausserhoden,3006,Urnäsch,11.02.2011,41
Appenzell-Ausserhoden,3007,Waldstatt,11.02.2011,41
Appenzell-Ausserhoden,3031,Grub (AR),11.02.2011,41
Appenzell-Ausserhoden,3035,Reute (AR),11.02.2011,41
Appenzell-Ausserhoden,3036,Wald (AR),11.02.2011,41
Appenzell-Ausserhoden,3038,Wolfhalden,11.02.2011,41
Appenzell-Ausserhoden,3021,Bühler,12.02.2011,42
Appenzell-Ausserhoden,3025,Trogen,12.02.2011,42
Appenzell-Innerhoden,3101,Appenzell,04.02.2011,34
Appenzell-Innerhoden,3102,Gonten,04.02.2011,34
Appenzell-Innerhoden,3103,Rüte,05.02.2011,35
Appenzell-Innerhoden,3104,Schlatt-Haslen,07.02.2011,37
Appenzell-Innerhoden,3111,Oberegg,07.02.2011,37
Appenzell-Innerhoden,3105,Schwende,08.02.2011,38
Sankt Gallen,3232,Balgach,03.02.2011,33
Sankt Gallen,3214,Mörschwil,04.02.2011,34
Sankt Gallen,3231,Au (SG),04.02.2011,34
Sankt Gallen,3340,Rapperswil-Jona,04.02.2011,34
Sankt Gallen,3218,Tübach,05.02.2011,35
Sankt Gallen,3234,Diepoldsau,05.02.2011,35
Sankt Gallen,3426,Zuzwil (SG),05.02.2011,35
Sankt Gallen,3233,Berneck,06.02.2011,36
Sankt Gallen,3238,Widnau,06.02.2011,36
Sankt Gallen,3291,Bad Ragaz,06.02.2011,36
Sankt Gallen,3213,Goldach,07.02.2011,37
Sankt Gallen,3216,Rorschacherberg,08.02.2011,38
Sankt Gallen,3271,Buchs (SG),08.02.2011,38
Sankt Gallen,3424,Oberbüren,08.02.2011,38
Sankt Gallen,3443,Gossau (SG),08.02.2011,38
Sankt Gallen,3217,Steinach,09.02.2011,39
Sankt Gallen,3255,Rebstein,09.02.2011,39
Sankt Gallen,3425,Wil (SG),09.02.2011,39
Sankt Gallen,3442,Gaiserwald,09.02.2011,39
Sankt Gallen,3204,Wittenbach,10.02.2011,40
Sankt Gallen,3211,Berg (SG),10.02.2011,40
Sankt Gallen,3273,Grabs,10.02.2011,40
Sankt Gallen,3293,Mels,10.02.2011,40
Sankt Gallen,3334,Gommiswald,10.02.2011,40
Sankt Gallen,3423,Niederhelfenschwil,10.02.2011,40
Sankt Gallen,3236,St. Margrethen,11.02.2011,41
Sankt Gallen,3237,Thal,11.02.2011,41
Sankt Gallen,3298,Walenstadt,11.02.2011,41
Sankt Gallen,3313,Kaltbrunn,11.02.2011,41
Sankt Gallen,3407,Oberuzwil,11.02.2011,41
Sankt Gallen,3408,Uzwil,11.02.2011,41
Sankt Gallen,3202,Muolen,12.02.2011,42
Sankt Gallen,3203,St. Gallen,12.02.2011,42
Sankt Gallen,3235,Rheineck,12.02.2011,42
Sankt Gallen,3252,Eichberg,12.02.2011,42
Sankt Gallen,3253,Marbach (SG),12.02.2011,42
Sankt Gallen,3254,Oberriet (SG),12.02.2011,42
Sankt Gallen,3274,Sennwald,12.02.2011,42
Sankt Gallen,3295,Quarten,12.02.2011,42
Sankt Gallen,3296,Sargans,12.02.2011,42
Sankt Gallen,3297,Vilters-Wangs,12.02.2011,42
Sankt Gallen,3311,Amden,12.02.2011,42
Sankt Gallen,3312,Benken (SG),12.02.2011,42
Sankt Gallen,3315,Schänis,12.02.2011,42
Sankt Gallen,3332,Eschenbach (SG),12.02.2011,42
Sankt Gallen,3338,Schmerikon,12.02.2011,42
Sankt Gallen,3358,Nesslau-Krummenau,12.02.2011,42
Sankt Gallen,3374,Lichtensteig,12.02.2011,42
Sankt Gallen,3378,Neckertal,12.02.2011,42
Sankt Gallen,3394,Mosnang,12.02.2011,42
Sankt Gallen,3403,Ganterschwil,12.02.2011,42
Sankt Gallen,3441,Andwil (SG),12.02.2011,42
Sankt Gallen,3444,Waldkirch,12.02.2011,42
Sankt Gallen,3212,Eggersriet,13.02.2011,43
Sankt Gallen,3215,Rorschach,13.02.2011,43
Sankt Gallen,3251,Altstätten,13.02.2011,43
Sankt Gallen,3256,Rüthi (SG),13.02.2011,43
Sankt Gallen,3272,Gams,13.02.2011,43
Sankt Gallen,3275,Sevelen,13.02.2011,43
Sankt Gallen,3276,Wartau,13.02.2011,43
Sankt Gallen,3292,Flums,13.02.2011,43
Sankt Gallen,3316,Weesen,13.02.2011,43
Sankt Gallen,3337,St. Gallenkappel,13.02.2011,43
Sankt Gallen,3339,Uznach,13.02.2011,43
Sankt Gallen,3352,Ebnat-Kappel,13.02.2011,43
Sankt Gallen,3359,Wildhaus-Alt St. Johann,13.02.2011,43
Sankt Gallen,3372,Hemberg,13.02.2011,43
Sankt Gallen,3391,Bütschwil,13.02.2011,43
Sankt Gallen,3392,Kirchberg (SG),13.02.2011,43
Sankt Gallen,3393,Lütisburg,13.02.2011,43
Sankt Gallen,3402,Flawil,13.02.2011,43
Sankt Gallen,3405,Jonschwil,13.02.2011,43
Sankt Gallen,3421,Bronschhofen,13.02.2011,43
Sankt Gallen,3201,Häggenschwil,14.02.2011,44
Sankt Gallen,3219,Untereggen,14.02.2011,44
Sankt Gallen,3331,Ernetschwil,14.02.2011,44
Sankt Gallen,3375,Oberhelfenschwil,14.02.2011,44
Sankt Gallen,3377,Wattwil,14.02.2011,44
Sankt Gallen,3401,Degersheim,14.02.2011,44
Sankt Gallen,3422,Niederbüren,14.02.2011,44
Sankt Gallen,3294,Pfäfers,15.02.2011,45
Sankt Gallen,3314,Rieden,15.02.2011,45
Sankt Gallen,3333,Goldingen,15.02.2011,45
Sankt Gallen,3356,Stein (SG),15.02.2011,45
Sankt Gallen,3373,Krinau,15.02.2011,45
Graubünden,3711,Rongellen,27.01.2011,26
Graubünden,3533,Marmorera,30.01.2011,29
Graubünden,3782,Celerina/Schlarigna,30.01.2011,29
Graubünden,3787,St. Moritz,30.01.2011,29
Graubünden,3670,Urmein,31.01.2011,30
Graubünden,3712,Zillis-Reischen,31.01.2011,30
Graubünden,3823,Soazza,31.01.2011,30
Graubünden,3575,Laax,01.02.2011,31
Graubünden,3831,Cama,01.02.2011,31
Graubünden,3695,Sufers,02.02.2011,32
Graubünden,3786,Samedan,02.02.2011,32
Graubünden,3790,Silvaplana,02.02.2011,32
Graubünden,3572,Falera,03.02.2011,33
Graubünden,3713,Ferrera,03.02.2011,33
Graubünden,3881,Conters im Prättigau,03.02.2011,33
Graubünden,3953,Maienfeld,03.02.2011,33
Graubünden,3506,Vaz/Obervaz,04.02.2011,34
Graubünden,3561,Poschiavo,04.02.2011,34
Graubünden,3691,Hinterrhein,04.02.2011,34
Graubünden,3784,Pontresina,04.02.2011,34
Graubünden,3785,La Punt-Chamues-ch,04.02.2011,34
Graubünden,3789,Sils im Engadin/Segl,04.02.2011,34
Graubünden,3801,Arvigo,04.02.2011,34
Graubünden,3808,Rossa,04.02.2011,34
Graubünden,3505,Tiefencastel,05.02.2011,35
Graubünden,3532,Cunter,05.02.2011,35
Graubünden,3551,Brusio,05.02.2011,35
Graubünden,3721,Bonaduz,05.02.2011,35
Graubünden,3722,Domat/Ems,05.02.2011,35
Graubünden,3732,Flims,05.02.2011,35
Graubünden,3746,Zernez,05.02.2011,35
Graubünden,3781,Bever,05.02.2011,35
Graubünden,3783,Madulain,05.02.2011,35
Graubünden,3791,Zuoz,05.02.2011,35
Graubünden,3821,Lostallo,05.02.2011,35
Graubünden,3822,Mesocco,05.02.2011,35
Graubünden,3832,Grono,05.02.2011,35
Graubünden,3901,Chur,05.02.2011,35
Graubünden,3951,Fläsch,05.02.2011,35
Graubünden,3954,Malans,05.02.2011,35
Graubünden,3961,Grüsch,05.02.2011,35
Graubünden,3513,Lantsch/Lenz,06.02.2011,36
Graubünden,3694,Splügen,06.02.2011,36
Graubünden,3741,Ardez,06.02.2011,36
Graubünden,3745,Tarasp,06.02.2011,36
Graubünden,3788,S-chanf,06.02.2011,36
Graubünden,3805,Castaneda,06.02.2011,36
Graubünden,3835,San Vittore,06.02.2011,36
Graubünden,3871,Klosters-Serneus,06.02.2011,36
Graubünden,3911,Churwalden,06.02.2011,36
Graubünden,3921,Arosa,06.02.2011,36
Graubünden,3946,Untervaz,06.02.2011,36
Graubünden,3947,Zizers,06.02.2011,36
Graubünden,3952,Jenins,06.02.2011,36
Graubünden,3983,Medel (Lucmagn),06.02.2011,36
Graubünden,3986,Tujetsch,06.02.2011,36
Graubünden,3534,Mulegns,07.02.2011,37
Graubünden,3536,Riom-Parsonz,07.02.2011,37
Graubünden,3541,Tinizong-Rona,07.02.2011,37
Graubünden,3603,Vals,07.02.2011,37
Graubünden,3637,Rothenbrunnen,07.02.2011,37
Graubünden,3701,Andeer,07.02.2011,37
Graubünden,3731,Felsberg,07.02.2011,37
Graubünden,3743,Lavin,07.02.2011,37
Graubünden,3744,Susch,07.02.2011,37
Graubünden,3752,Samnaun,07.02.2011,37
Graubünden,3792,Bregaglia,07.02.2011,37
Graubünden,3834,Roveredo (GR),07.02.2011,37
Graubünden,3945,Trimmis,07.02.2011,37
Graubünden,3981,Breil/Brigels,07.02.2011,37
Graubünden,3502,Mon,08.02.2011,38
Graubünden,3574,Ilanz,08.02.2011,38
Graubünden,3582,Schluein,08.02.2011,38
Graubünden,3733,Tamins,08.02.2011,38
Graubünden,3734,Trin,08.02.2011,38
Graubünden,3742,Guarda,08.02.2011,38
Graubünden,3753,Tschlin,08.02.2011,38
Graubünden,3762,Scuol,08.02.2011,38
Graubünden,3851,Davos,08.02.2011,38
Graubünden,3863,Jenaz,08.02.2011,38
Graubünden,3925,Lüen,08.02.2011,38
Graubünden,3941,Haldenstein,08.02.2011,38
Graubünden,3942,Igis,08.02.2011,38
Graubünden,3501,Alvaschein,09.02.2011,39
Graubünden,3511,Alvaneu,09.02.2011,39
Graubünden,3512,Brienz/Brinzauls,09.02.2011,39
Graubünden,3606,Vrin,09.02.2011,39
Graubünden,3652,Tenna,09.02.2011,39
Graubünden,3763,Sent,09.02.2011,39
Graubünden,3926,Maladers,09.02.2011,39
Graubünden,3927,Molinis,09.02.2011,39
Graubünden,3539,Savognin,10.02.2011,40
Graubünden,3580,Ruschein,10.02.2011,40
Graubünden,3584,Sevgein,10.02.2011,40
Graubünden,3633,Fürstenau,10.02.2011,40
Graubünden,3634,Paspels,10.02.2011,40
Graubünden,3635,Pratval,10.02.2011,40
Graubünden,3638,Scharans,10.02.2011,40
Graubünden,3640,Sils im Domleschg,10.02.2011,40
Graubünden,3681,Avers,10.02.2011,40
Graubünden,3761,Ftan,10.02.2011,40
Graubünden,3804,Buseno,10.02.2011,40
Graubünden,3810,Santa Maria in Calanca,10.02.2011,40
Graubünden,3811,Selma,10.02.2011,40
Graubünden,3833,Leggia,10.02.2011,40
Graubünden,3924,Langwies,10.02.2011,40
Graubünden,3982,Disentis/Mustér,10.02.2011,40
Graubünden,3515,Surava,11.02.2011,41
Graubünden,3538,Salouf,11.02.2011,41
Graubünden,3571,Castrisch,11.02.2011,41
Graubünden,3576,Ladir,11.02.2011,41
Graubünden,3577,Luven,11.02.2011,41
Graubünden,3579,Riein,11.02.2011,41
Graubünden,3581,Sagogn,11.02.2011,41
Graubünden,3592,Cumbel,11.02.2011,41
Graubünden,3594,Degen,11.02.2011,41
Graubünden,3595,Lumbrein,11.02.2011,41
Graubünden,3596,Morissen,11.02.2011,41
Graubünden,3598,St. Martin,11.02.2011,41
Graubünden,3599,Suraua,11.02.2011,41
Graubünden,3604,Vignogn,11.02.2011,41
Graubünden,3605,Vella,11.02.2011,41
Graubünden,3611,Andiast,11.02.2011,41
Graubünden,3615,Siat,11.02.2011,41
Graubünden,3617,Mundaun,11.02.2011,41
Graubünden,3636,Rodels,11.02.2011,41
Graubünden,3661,Cazis,11.02.2011,41
Graubünden,3662,Flerden,11.02.2011,41
Graubünden,3663,Masein,11.02.2011,41
Graubünden,3668,Thusis,11.02.2011,41
Graubünden,3669,Tschappina,11.02.2011,41
Graubünden,3671,Tomils,11.02.2011,41
Graubünden,3693,Nufenen,11.02.2011,41
Graubünden,3705,Donat,11.02.2011,41
Graubünden,3708,Mathon,11.02.2011,41
Graubünden,3723,Rhäzüns,11.02.2011,41
Graubünden,3847,Val Müstair,11.02.2011,41
Graubünden,3861,Fideris,11.02.2011,41
Graubünden,3882,Küblis,11.02.2011,41
Graubünden,3883,Saas,11.02.2011,41
Graubünden,3891,Luzein,11.02.2011,41
Graubünden,3893,St. Antönien,11.02.2011,41
Graubünden,3922,Calfreisen,11.02.2011,41
Graubünden,3923,Castiel,11.02.2011,41
Graubünden,3929,Peist,11.02.2011,41
Graubünden,3931,St. Peter-Pagig,11.02.2011,41
Graubünden,3932,Tschiertschen-Praden,11.02.2011,41
Graubünden,3943,Mastrils,11.02.2011,41
Graubünden,3962,Schiers,11.02.2011,41
Graubünden,3972,Seewis im Prättigau,11.02.2011,41
Graubünden,3985,Sumvitg,11.02.2011,41
Graubünden,3987,Trun,11.02.2011,41
Graubünden,3504,Stierva,12.02.2011,42
Graubünden,3531,Bivio,12.02.2011,42
Graubünden,3612,Obersaxen,12.02.2011,42
Graubünden,3613,Pigniu,12.02.2011,42
Graubünden,3614,Rueun,12.02.2011,42
Graubünden,3803,Braggio,12.02.2011,42
Graubünden,3806,Cauco,12.02.2011,42
Graubünden,3836,Verdabbio,12.02.2011,42
Graubünden,3984,Schlans,12.02.2011,42
Graubünden,3503,Mutten,13.02.2011,43
Graubünden,3514,Schmitten (GR),13.02.2011,43
Graubünden,3521,Bergün/Bravuogn,13.02.2011,43
Graubünden,3522,Filisur,13.02.2011,43
Graubünden,3540,Sur,13.02.2011,43
Graubünden,3578,Pitasch,13.02.2011,43
Graubünden,3583,Schnaus,13.02.2011,43
Graubünden,3586,Valendas,13.02.2011,43
Graubünden,3587,Versam,13.02.2011,43
Graubünden,3593,Duvin,13.02.2011,43
Graubünden,3616,Waltensburg/Vuorz,13.02.2011,43
Graubünden,3631,Almens,13.02.2011,43
Graubünden,3651,Safien,13.02.2011,43
Graubünden,3703,Casti-Wergenstein,13.02.2011,43
Graubünden,3707,Lohn (GR),13.02.2011,43
Graubünden,3751,Ramosch,13.02.2011,43
Graubünden,3862,Furna,13.02.2011,43
Aargau,4074,Oberwil-Lieli,02.02.2011,32
Aargau,4304,Döttingen,02.02.2011,32
Aargau,4073,Oberlunkhofen,03.02.2011,33
Aargau,4032,Mägenwil,04.02.2011,34
Aargau,4177,Sisseln,04.02.2011,34
Aargau,4202,Meisterschwanden,04.02.2011,34
Aargau,4252,Kaiseraugst,04.02.2011,34
Aargau,4002,Biberstein,05.02.2011,35
Aargau,4023,Bergdietikon,05.02.2011,35
Aargau,4037,Oberrohrdorf,05.02.2011,35
Aargau,4061,Arni (AG),05.02.2011,35
Aargau,4062,Berikon,05.02.2011,35
Aargau,4079,Unterlunkhofen,05.02.2011,35
Aargau,4081,Widen,05.02.2011,35
Aargau,4208,Seengen,05.02.2011,35
Aargau,4210,Staufen,05.02.2011,35
Aargau,4001,Aarau,06.02.2011,36
Aargau,4022,Bellikon,06.02.2011,36
Aargau,4039,Remetschwil,06.02.2011,36
Aargau,4045,Wettingen,06.02.2011,36
Aargau,4065,Dottikon,06.02.2011,36
Aargau,4075,Rudolfstetten-Friedlisberg,06.02.2011,36
Aargau,4083,Zufikon,06.02.2011,36
Aargau,4084,Islisberg,06.02.2011,36
Aargau,4099,Habsburg,06.02.2011,36
Aargau,4121,Villigen,06.02.2011,36
Aargau,4134,Dürrenäsch,06.02.2011,36
Aargau,4007,Hirschthal,07.02.2011,37
Aargau,4021,Baden,07.02.2011,37
Aargau,4026,Ennetbaden,07.02.2011,37
Aargau,4035,Niederrohrdorf,07.02.2011,37
Aargau,4047,Würenlingen,07.02.2011,37
Aargau,4048,Würenlos,07.02.2011,37
Aargau,4066,Eggenwil,07.02.2011,37
Aargau,4068,Hägglingen,07.02.2011,37
Aargau,4080,Villmergen,07.02.2011,37
Aargau,4091,Auenstein,07.02.2011,37
Aargau,4095,Brugg,07.02.2011,37
Aargau,4104,Lupfig,07.02.2011,37
Aargau,4172,Münchwilen (AG),07.02.2011,37
Aargau,4192,Boniswil,07.02.2011,37
Aargau,4194,Dintikon,07.02.2011,37
Aargau,4203,Möriken-Wildegg,07.02.2011,37
Aargau,4206,Rupperswil,07.02.2011,37
Aargau,4232,Geltwil,07.02.2011,37
Aargau,4253,Magden,07.02.2011,37
Aargau,4257,Olsberg,07.02.2011,37
Aargau,4260,Stein (AG),07.02.2011,37
Aargau,4003,Buchs (AG),08.02.2011,38
Aargau,4005,Erlinsbach (AG),08.02.2011,38
Aargau,4008,Küttigen,08.02.2011,38
Aargau,4027,Fislisbach,08.02.2011,38
Aargau,4030,Killwangen,08.02.2011,38
Aargau,4034,Neuenhof,08.02.2011,38
Aargau,4038,Obersiggenthal,08.02.2011,38
Aargau,4040,Spreitenbach,08.02.2011,38
Aargau,4041,Stetten (AG),08.02.2011,38
Aargau,4044,Untersiggenthal,08.02.2011,38
Aargau,4063,Bremgarten (AG),08.02.2011,38
Aargau,4064,Büttikon,08.02.2011,38
Aargau,4071,Jonen,08.02.2011,38
Aargau,4072,Niederwil (AG),08.02.2011,38
Aargau,4100,Hausen (AG),08.02.2011,38
Aargau,4119,Unterbözberg,08.02.2011,38
Aargau,4131,Beinwil am See,08.02.2011,38
Aargau,4132,Birrwil,08.02.2011,38
Aargau,4136,Holziken,08.02.2011,38
Aargau,4144,Schöftland,08.02.2011,38
Aargau,4163,Frick,08.02.2011,38
Aargau,4193,Brunegg,08.02.2011,38
Aargau,4195,Egliswil,08.02.2011,38
Aargau,4199,Holderbank (AG),08.02.2011,38
Aargau,4200,Hunzenschwil,08.02.2011,38
Aargau,4207,Schafisheim,08.02.2011,38
Aargau,4225,Benzenschwil,08.02.2011,38
Aargau,4234,Merenschwand,08.02.2011,38
Aargau,4240,Waltenschwil,08.02.2011,38
Aargau,4261,Wallbach,08.02.2011,38
Aargau,4272,Attelwil,08.02.2011,38
Aargau,4282,Rothrist,08.02.2011,38
Aargau,4289,Zofingen,08.02.2011,38
Aargau,4309,Klingnau,08.02.2011,38
Aargau,4311,Leibstadt,08.02.2011,38
Aargau,4010,Oberentfelden,09.02.2011,39
Aargau,4012,Suhr,09.02.2011,39
Aargau,4013,Unterentfelden,09.02.2011,39
Aargau,4024,Birmenstorf (AG),09.02.2011,39
Aargau,4029,Gebenstorf,09.02.2011,39
Aargau,4033,Mellingen,09.02.2011,39
Aargau,4049,Ehrendingen,09.02.2011,39
Aargau,4067,Fischbach-Göslikon,09.02.2011,39
Aargau,4076,Sarmenstorf,09.02.2011,39
Aargau,4092,Birr,09.02.2011,39
Aargau,4098,Gallenkirch,09.02.2011,39
Aargau,4107,Mülligen,09.02.2011,39
Aargau,4110,Remigen,09.02.2011,39
Aargau,4111,Riniken,09.02.2011,39
Aargau,4112,Rüfenach,09.02.2011,39
Aargau,4115,Schinznach-Dorf,09.02.2011,39
Aargau,4137,Leimbach (AG),09.02.2011,39
Aargau,4161,Eiken,09.02.2011,39
Aargau,4165,Gipf-Oberfrick,09.02.2011,39
Aargau,4169,Kaisten,09.02.2011,39
Aargau,4184,Mettauertal,09.02.2011,39
Aargau,4191,Ammerswil,09.02.2011,39
Aargau,4201,Lenzburg,09.02.2011,39
Aargau,4209,Seon,09.02.2011,39
Aargau,4228,Boswil,09.02.2011,39
Aargau,4230,Buttwil,09.02.2011,39
Aargau,4233,Kallern,09.02.2011,39
Aargau,4236,Muri (AG),09.02.2011,39
Aargau,4238,Rottenschwil,09.02.2011,39
Aargau,4239,Sins,09.02.2011,39
Aargau,4258,Rheinfelden,09.02.2011,39
Aargau,4263,Zeiningen,09.02.2011,39
Aargau,4280,Oftringen,09.02.2011,39
Aargau,4006,Gränichen,10.02.2011,40
Aargau,4009,Muhen,10.02.2011,40
Aargau,4028,Freienwil,10.02.2011,40
Aargau,4031,Künten,10.02.2011,40
Aargau,4042,Turgi,10.02.2011,40
Aargau,4069,Hermetschwil-Staffeln,10.02.2011,40
Aargau,4078,Uezwil,10.02.2011,40
Aargau,4082,Wohlen (AG),10.02.2011,40
Aargau,4103,Linn,10.02.2011,40
Aargau,4106,Mönthal,10.02.2011,40
Aargau,4108,Oberbözberg,10.02.2011,40
Aargau,4114,Schinznach-Bad,10.02.2011,40
Aargau,4117,Thalheim (AG),10.02.2011,40
Aargau,4120,Veltheim (AG),10.02.2011,40
Aargau,4123,Windisch,10.02.2011,40
Aargau,4135,Gontenschwil,10.02.2011,40
Aargau,4140,Oberkulm,10.02.2011,40
Aargau,4141,Reinach (AG),10.02.2011,40
Aargau,4143,Schmiedrued,10.02.2011,40
Aargau,4170,Laufenburg,10.02.2011,40
Aargau,4196,Fahrwangen,10.02.2011,40
Aargau,4197,Hallwil,10.02.2011,40
Aargau,4205,Othmarsingen,10.02.2011,40
Aargau,4221,Abtwil,10.02.2011,40
Aargau,4222,Aristau,10.02.2011,40
Aargau,4223,Auw,10.02.2011,40
Aargau,4224,Beinwil (Freiamt),10.02.2011,40
Aargau,4254,Möhlin,10.02.2011,40
Aargau,4273,Bottenwil,10.02.2011,40
Aargau,4283,Safenwil,10.02.2011,40
Aargau,4284,Staffelbach,10.02.2011,40
Aargau,4285,Strengelbach,10.02.2011,40
Aargau,4287,Vordemwald,10.02.2011,40
Aargau,4301,Baldingen,10.02.2011,40
Aargau,4303,Böttstein,10.02.2011,40
Aargau,4308,Kaiserstuhl,10.02.2011,40
Aargau,4312,Lengnau (AG),10.02.2011,40
Aargau,4318,Schneisingen,10.02.2011,40
Aargau,4321,Unterendingen,10.02.2011,40
Aargau,4323,Bad Zurzach,10.02.2011,40
Aargau,4046,Wohlenschwil,11.02.2011,41
Aargau,4077,Tägerig,11.02.2011,41
Aargau,4093,Birrhard,11.02.2011,41
Aargau,4097,Elfingen,11.02.2011,41
Aargau,4109,Oberflachs,11.02.2011,41
Aargau,4122,Villnachern,11.02.2011,41
Aargau,4133,Burg (AG),11.02.2011,41
Aargau,4139,Menziken,11.02.2011,41
Aargau,4142,Schlossrued,11.02.2011,41
Aargau,4145,Teufenthal (AG),11.02.2011,41
Aargau,4146,Unterkulm,11.02.2011,41
Aargau,4147,Zetzwil,11.02.2011,41
Aargau,4164,Gansingen,11.02.2011,41
Aargau,4166,Herznach,11.02.2011,41
Aargau,4175,Oeschgen,11.02.2011,41
Aargau,4198,Hendschiken,11.02.2011,41
Aargau,4204,Niederlenz,11.02.2011,41
Aargau,4226,Besenbüren,11.02.2011,41
Aargau,4227,Bettwil,11.02.2011,41
Aargau,4229,Bünzen,11.02.2011,41
Aargau,4231,Dietwil,11.02.2011,41
Aargau,4235,Mühlau,11.02.2011,41
Aargau,4237,Oberrüti,11.02.2011,41
Aargau,4259,Schupfart,11.02.2011,41
Aargau,4262,Wegenstetten,11.02.2011,41
Aargau,4271,Aarburg,11.02.2011,41
Aargau,4275,Kirchleerau,11.02.2011,41
Aargau,4276,Kölliken,11.02.2011,41
Aargau,4277,Moosleerau,11.02.2011,41
Aargau,4279,Murgenthal,11.02.2011,41
Aargau,4281,Reitnau,11.02.2011,41
Aargau,4288,Wiliberg,11.02.2011,41
Aargau,4305,Endingen,11.02.2011,41
Aargau,4307,Full-Reuenthal,11.02.2011,41
Aargau,4313,Leuggern,11.02.2011,41
Aargau,4314,Mellikon,11.02.2011,41
Aargau,4317,Rümikon,11.02.2011,41
Aargau,4320,Tegerfelden,11.02.2011,41
Aargau,4322,Wislikofen,11.02.2011,41
Aargau,4004,Densbüren,12.02.2011,42
Aargau,4094,Bözen,12.02.2011,42
Aargau,4096,Effingen,12.02.2011,42
Aargau,4105,Mandach,12.02.2011,42
Aargau,4113,Scherz,12.02.2011,42
Aargau,4138,Leutwil,12.02.2011,42
Aargau,4173,Oberhof,12.02.2011,42
Aargau,4179,Ueken,12.02.2011,42
Aargau,4181,Wittnau,12.02.2011,42
Aargau,4182,Wölflinswil,12.02.2011,42
Aargau,4183,Zeihen,12.02.2011,42
Aargau,4251,Hellikon,12.02.2011,42
Aargau,4255,Mumpf,12.02.2011,42
Aargau,4264,Zuzgen,12.02.2011,42
Aargau,4274,Brittnau,12.02.2011,42
Aargau,4286,Uerkheim,12.02.2011,42
Aargau,4302,Böbikon,12.02.2011,42
Aargau,4306,Fisibach,12.02.2011,42
Aargau,4310,Koblenz,12.02.2011,42
Aargau,4319,Siglistorf,12.02.2011,42
Aargau,4167,Hornussen,13.02.2011,43
Aargau,4176,Schwaderloch,13.02.2011,43
Aargau,4256,Obermumpf,13.02.2011,43
Aargau,4315,Rekingen (AG),13.02.2011,43
Aargau,4316,Rietheim,13.02.2011,43
Thurgau,4643,Bottighofen,01.02.2011,31
Thurgau,4646,Ermatingen,05.02.2011,35
Thurgau,4851,Salenstein,05.02.2011,35
Thurgau,4621,Warth-Weiningen,06.02.2011,36
Thurgau,4421,Horn,07.02.2011,37
Thurgau,4601,Neunforn,07.02.2011,37
Thurgau,4691,Münsterlingen,07.02.2011,37
Thurgau,4571,Gachnang,08.02.2011,38
Thurgau,4651,Gottlieben,08.02.2011,38
Thurgau,4921,Bussnang,08.02.2011,38
Thurgau,4451,Uttwil,09.02.2011,39
Thurgau,4566,Frauenfeld,09.02.2011,39
Thurgau,4671,Kreuzlingen,09.02.2011,39
Thurgau,4696,Tägerwilen,09.02.2011,39
Thurgau,4751,Rickenbach (TG),09.02.2011,39
Thurgau,4761,Sirnach,09.02.2011,39
Thurgau,4821,Hüttwilen,09.02.2011,39
Thurgau,4826,Mammern,09.02.2011,39
Thurgau,4946,Weinfelden,09.02.2011,39
Thurgau,4406,Dozwil,10.02.2011,40
Thurgau,4426,Kesswil,10.02.2011,40
Thurgau,4545,Diessenhofen,10.02.2011,40
Thurgau,4551,Aadorf,10.02.2011,40
Thurgau,4666,Kemmental,10.02.2011,40
Thurgau,4716,Bettwiesen,10.02.2011,40
Thurgau,4721,Bichelsee-Balterswil,10.02.2011,40
Thurgau,4724,Eschlikon,10.02.2011,40
Thurgau,4746,Münchwilen (TG),10.02.2011,40
Thurgau,4781,Wängi,10.02.2011,40
Thurgau,4786,Wilen (TG),10.02.2011,40
Thurgau,4801,Berlingen,10.02.2011,40
Thurgau,4806,Eschenz,10.02.2011,40
Thurgau,4891,Berg (TG),10.02.2011,40
Thurgau,4411,Egnach,11.02.2011,41
Thurgau,4431,Roggwil (TG),11.02.2011,41
Thurgau,4506,Sulgen,11.02.2011,41
Thurgau,4511,Zihlschlacht-Sitterdorf,11.02.2011,41
Thurgau,4561,Felben-Wellhausen,11.02.2011,41
Thurgau,4606,Stettfurt,11.02.2011,41
Thurgau,4683,Lengwil,11.02.2011,41
Thurgau,4711,Affeltrangen,11.02.2011,41
Thurgau,4741,Lommis,11.02.2011,41
Thurgau,4776,Tobel-Tägerschen,11.02.2011,41
Thurgau,4461,Amriswil,12.02.2011,42
Thurgau,4486,Hauptwil-Gottshaus,12.02.2011,42
Thurgau,4501,Kradolf-Schönenberg,12.02.2011,42
Thurgau,4536,Basadingen-Schlattingen,12.02.2011,42
Thurgau,4546,Schlatt (TG),12.02.2011,42
Thurgau,4590,Hüttlingen,12.02.2011,42
Thurgau,4591,Matzingen,12.02.2011,42
Thurgau,4641,Altnau,12.02.2011,42
Thurgau,4656,Güttingen,12.02.2011,42
Thurgau,4701,Wäldi,12.02.2011,42
Thurgau,4723,Braunau,12.02.2011,42
Thurgau,4881,Amlikon-Bissegg,12.02.2011,42
Thurgau,4416,Hefenhofen,13.02.2011,43
Thurgau,4436,Romanshorn,13.02.2011,43
Thurgau,4446,Sommeri,13.02.2011,43
Thurgau,4471,Bischofszell,13.02.2011,43
Thurgau,4476,Erlen,13.02.2011,43
Thurgau,4495,Hohentannen,13.02.2011,43
Thurgau,4611,Thundorf,13.02.2011,43
Thurgau,4616,Uesslingen-Buch,13.02.2011,43
Thurgau,4756,Schönholzerswilen,13.02.2011,43
Thurgau,4831,Müllheim,13.02.2011,43
Thurgau,4864,Steckborn,13.02.2011,43
Thurgau,4871,Wagenhausen,13.02.2011,43
Thurgau,4911,Bürglen (TG),13.02.2011,43
Thurgau,4941,Märstetten,13.02.2011,43
Thurgau,4951,Wigoltingen,13.02.2011,43
Thurgau,4401,Arbon,14.02.2011,44
Thurgau,4681,Langrickenbach,14.02.2011,44
Thurgau,4726,Fischingen,14.02.2011,44
Thurgau,4791,Wuppenau,14.02.2011,44
Thurgau,4811,Herdern,14.02.2011,44
Thurgau,4816,Homburg,14.02.2011,44
Thurgau,4841,Pfyn,14.02.2011,44
Thurgau,4846,Raperswilen,14.02.2011,44
Thurgau,4441,Salmsach,15.02.2011,45
Thurgau,4901,Birwinken,15.02.2011,45
Ticino,5162,Cadempino,29.01.2011,28
Ticino,5210,Paradiso,29.01.2011,28
Ticino,5225,Sorengo,29.01.2011,28
Ticino,5151,Bioggio,30.01.2011,29
Ticino,5180,Cureglia,30.01.2011,29
Ticino,5194,Manno,30.01.2011,29
Ticino,5199,Mezzovico-Vira,30.01.2011,29
Ticino,5214,Porza,30.01.2011,29
Ticino,5071,Dalpe,31.01.2011,30
Ticino,5154,Bissone,31.01.2011,30
Ticino,5169,Carabietta,31.01.2011,30
Ticino,5231,Vezia,31.01.2011,30
Ticino,5236,Collina d'Oro,31.01.2011,30
Ticino,5017,Sant'Antonino,01.02.2011,31
Ticino,5063,Bedretto,01.02.2011,31
Ticino,5074,Mairengo,01.02.2011,31
Ticino,5091,Ascona,01.02.2011,31
Ticino,5121,Orselina,01.02.2011,31
Ticino,5125,Ronco sopra Ascona,01.02.2011,31
Ticino,5130,Tegna,01.02.2011,31
Ticino,5170,Carona,01.02.2011,31
Ticino,5176,Comano,01.02.2011,31
Ticino,5192,Lugano,01.02.2011,31
Ticino,5193,Magliaso,01.02.2011,31
Ticino,5196,Massagno,01.02.2011,31
Ticino,5198,Melide,01.02.2011,31
Ticino,5202,Monteggio,01.02.2011,31
Ticino,5205,Muzzano,01.02.2011,31
Ticino,5221,Savosa,01.02.2011,31
Ticino,5230,Vernate,01.02.2011,31
Ticino,5233,Vico Morcote,01.02.2011,31
Ticino,5243,Besazio,01.02.2011,31
Ticino,5254,Mendrisio,01.02.2011,31
Ticino,5260,Novazzano,01.02.2011,31
Ticino,5266,Stabio,01.02.2011,31
Ticino,5096,Brione sopra Minusio,02.02.2011,32
Ticino,5097,Brissago,02.02.2011,32
Ticino,5118,Minusio,02.02.2011,32
Ticino,5120,Muralto,02.02.2011,32
Ticino,5167,Canobbio,02.02.2011,32
Ticino,5186,Grancia,02.02.2011,32
Ticino,5187,Gravesano,02.02.2011,32
Ticino,5203,Morcote,02.02.2011,32
Ticino,5208,Origlio,02.02.2011,32
Ticino,5212,Ponte Capriasca,02.02.2011,32
Ticino,5219,Rovio,02.02.2011,32
Ticino,5249,Castel San Pietro,02.02.2011,32
Ticino,5251,Coldrerio,02.02.2011,32
Ticino,5001,Arbedo-Castione,03.02.2011,33
Ticino,5003,Cadenazzo,03.02.2011,33
Ticino,5005,Giubiasco,03.02.2011,33
Ticino,5013,Monte Carasso,03.02.2011,33
Ticino,5014,Pianezzo,03.02.2011,33
Ticino,5113,Locarno,03.02.2011,33
Ticino,5131,Tenero-Contra,03.02.2011,33
Ticino,5132,Vergeletto,03.02.2011,33
Ticino,5141,Agno,03.02.2011,33
Ticino,5148,Bedano,03.02.2011,33
Ticino,5171,Caslano,03.02.2011,33
Ticino,5178,Croglio,03.02.2011,33
Ticino,5189,Lamone,03.02.2011,33
Ticino,5197,Melano,03.02.2011,33
Ticino,5206,Neggio,03.02.2011,33
Ticino,5227,Torricella-Taverne,03.02.2011,33
Ticino,5242,Balerna,03.02.2011,33
Ticino,5250,Chiasso,03.02.2011,33
Ticino,5263,Riva San Vitale,03.02.2011,33
Ticino,5315,Linescio,03.02.2011,33
Ticino,5398,Gambarogno,03.02.2011,33
Ticino,5009,Isone,04.02.2011,34
Ticino,5019,Sementina,04.02.2011,34
Ticino,5076,Personico,04.02.2011,34
Ticino,5078,Prato (Leventina),04.02.2011,34
Ticino,5108,Gordola,04.02.2011,34
Ticino,5115,Losone,04.02.2011,34
Ticino,5138,Cugnasco-Gerra,04.02.2011,34
Ticino,5163,Cadro,04.02.2011,34
Ticino,5181,Curio,04.02.2011,34
Ticino,5213,Ponte Tresa,04.02.2011,34
Ticino,5222,Sessa,04.02.2011,34
Ticino,5224,Sonvico,04.02.2011,34
Ticino,5238,Monteceneri,04.02.2011,34
Ticino,5253,Ligornetto,04.02.2011,34
Ticino,5257,Morbio Inferiore,04.02.2011,34
Ticino,5268,Vacallo,04.02.2011,34
Ticino,5310,Cevio,04.02.2011,34
Ticino,5317,Maggia,04.02.2011,34
Ticino,5397,Centovalli,04.02.2011,34
Ticino,5002,Bellinzona,05.02.2011,35
Ticino,5004,Camorino,05.02.2011,35
Ticino,5010,Lumino,05.02.2011,35
Ticino,5018,Sant'Antonio,05.02.2011,35
Ticino,5048,Acquarossa,05.02.2011,35
Ticino,5049,Blenio,05.02.2011,35
Ticino,5061,Airolo,05.02.2011,35
Ticino,5070,Chironico,05.02.2011,35
Ticino,5072,Faido,05.02.2011,35
Ticino,5075,Osco,05.02.2011,35
Ticino,5079,Quinto,05.02.2011,35
Ticino,5143,Aranno,05.02.2011,35
Ticino,5160,Brusino Arsizio,05.02.2011,35
Ticino,5161,Cademario,05.02.2011,35
Ticino,5195,Maroggia,05.02.2011,35
Ticino,5216,Pura,05.02.2011,35
Ticino,5226,Capriasca,05.02.2011,35
Ticino,5237,Alto Malcantone,05.02.2011,35
Ticino,5269,Breggia,05.02.2011,35
Ticino,5285,Lodrino,05.02.2011,35
Ticino,5323,Lavizzara,05.02.2011,35
Ticino,5006,Gnosca,06.02.2011,36
Ticino,5007,Gorduno,06.02.2011,36
Ticino,5008,Gudo,06.02.2011,36
Ticino,5012,Moleno,06.02.2011,36
Ticino,5015,Preonzo,06.02.2011,36
Ticino,5040,Ludiano,06.02.2011,36
Ticino,5041,Malvaglia,06.02.2011,36
Ticino,5046,Semione,06.02.2011,36
Ticino,5062,Anzonico,06.02.2011,36
Ticino,5064,Bodio,06.02.2011,36
Ticino,5066,Calpiogna,06.02.2011,36
Ticino,5067,Campello,06.02.2011,36
Ticino,5068,Cavagnago,06.02.2011,36
Ticino,5073,Giornico,06.02.2011,36
Ticino,5077,Pollegio,06.02.2011,36
Ticino,5081,Sobrio,06.02.2011,36
Ticino,5095,Brione (Verzasca),06.02.2011,36
Ticino,5099,Cavigliano,06.02.2011,36
Ticino,5102,Corippo,06.02.2011,36
Ticino,5105,Frasco,06.02.2011,36
Ticino,5109,Gresso,06.02.2011,36
Ticino,5112,Lavertezzo,06.02.2011,36
Ticino,5117,Mergoscia,06.02.2011,36
Ticino,5119,Mosogno,06.02.2011,36
Ticino,5129,Sonogno,06.02.2011,36
Ticino,5133,Verscio,06.02.2011,36
Ticino,5135,Vogorno,06.02.2011,36
Ticino,5136,Onsernone,06.02.2011,36
Ticino,5137,Isorno,06.02.2011,36
Ticino,5144,Arogno,06.02.2011,36
Ticino,5146,Astano,06.02.2011,36
Ticino,5149,Bedigliora,06.02.2011,36
Ticino,5155,Bogno,06.02.2011,36
Ticino,5173,Certara,06.02.2011,36
Ticino,5174,Cimadera,06.02.2011,36
Ticino,5200,Miglieglia,06.02.2011,36
Ticino,5207,Novaggio,06.02.2011,36
Ticino,5229,Valcolla,06.02.2011,36
Ticino,5255,Meride,06.02.2011,36
Ticino,5281,Biasca,06.02.2011,36
Ticino,5282,Claro,06.02.2011,36
Ticino,5283,Cresciano,06.02.2011,36
Ticino,5284,Iragna,06.02.2011,36
Ticino,5286,Osogna,06.02.2011,36
Ticino,5304,Bosco/Gurin,06.02.2011,36
Ticino,5307,Campo (Vallemaggia),06.02.2011,36
Ticino,5309,Cerentino,06.02.2011,36
Ticino,5324,Avegno Gordevio,06.02.2011,36
Vaud,5710,Coinsins,10.02.2011,40
Vaud,5650,Vaux-sur-Morges,11.02.2011,41
Vaud,5623,Buchillon,12.02.2011,42
Vaud,5482,Eclépens,13.02.2011,43
Vaud,5709,Chéserex,13.02.2011,43
Vaud,5855,Dully,13.02.2011,43
Vaud,5456,Cudrefin,14.02.2011,44
Vaud,5712,Coppet,14.02.2011,44
Vaud,5713,Crans-près-Céligny,14.02.2011,44
Vaud,5718,Genolier,14.02.2011,44
Vaud,5719,Gingins,14.02.2011,44
Vaud,5723,Mies,14.02.2011,44
Vaud,5426,Bougy-Villars,15.02.2011,45
Vaud,5462,Vallamand,15.02.2011,45
Vaud,5551,Bonvillars,15.02.2011,45
Vaud,5606,Lutry,15.02.2011,45
Vaud,5638,Lonay,15.02.2011,45
Vaud,5645,Romanel-sur-Morges,15.02.2011,45
Vaud,5646,Saint-Prex,15.02.2011,45
Vaud,5648,Saint-Sulpice (VD),15.02.2011,45
Vaud,5653,Vufflens-le-Château,15.02.2011,45
Vaud,5701,Arnex-sur-Nyon,15.02.2011,45
Vaud,5705,Bogis-Bossey,15.02.2011,45
Vaud,5706,Borex,15.02.2011,45
Vaud,5722,Grens,15.02.2011,45
Vaud,5725,Prangins,15.02.2011,45
Vaud,5728,Signy-Avenex,15.02.2011,45
Vaud,5858,Luins,15.02.2011,45
Vaud,5860,Perroy,15.02.2011,45
Vaud,5861,Rolle,15.02.2011,45
Vaud,5412,Rennaz,16.02.2011,46
Vaud,5413,Roche (VD),16.02.2011,46
Vaud,5427,Féchy,16.02.2011,46
Vaud,5433,Pizy,16.02.2011,46
Vaud,5452,Bellerive (VD),16.02.2011,46
Vaud,5458,Faoug,16.02.2011,46
Vaud,5481,Dizy,16.02.2011,46
Vaud,5487,Lussery-Villars,16.02.2011,46
Vaud,5489,Mex (VD),16.02.2011,46
Vaud,5492,Montricher,16.02.2011,46
Vaud,5496,Penthaz,16.02.2011,46
Vaud,5503,Vufflens-la-Ville,16.02.2011,46
Vaud,5553,Champagne,16.02.2011,46
Vaud,5559,Giez,16.02.2011,46
Vaud,5565,Onnens (VD),16.02.2011,46
Vaud,5585,Jouxtens-Mézery,16.02.2011,46
Vaud,5588,Paudex,16.02.2011,46
Vaud,5590,Pully,16.02.2011,46
Vaud,5592,Romanel-sur-Lausanne,16.02.2011,46
Vaud,5601,Chexbres,16.02.2011,46
Vaud,5604,Forel (Lavaux),16.02.2011,46
Vaud,5605,Grandvaux,16.02.2011,46
Vaud,5609,Rivaz,16.02.2011,46
Vaud,5610,Saint-Saphorin (Lavaux),16.02.2011,46
Vaud,5612,Villette (Lavaux),16.02.2011,46
Vaud,5621,Aclens,16.02.2011,46
Vaud,5624,Bussigny-près-Lausanne,16.02.2011,46
Vaud,5628,Chigny,16.02.2011,46
Vaud,5630,Colombier (VD),16.02.2011,46
Vaud,5632,Denges,16.02.2011,46
Vaud,5633,Echandens,16.02.2011,46
Vaud,5635,Ecublens (VD),16.02.2011,46
Vaud,5636,Etoy,16.02.2011,46
Vaud,5639,Lully (VD),16.02.2011,46
Vaud,5641,Monnaz,16.02.2011,46
Vaud,5643,Préverenges,16.02.2011,46
Vaud,5647,Saint-Saphorin-sur-Morges,16.02.2011,46
Vaud,5649,Tolochenaz,16.02.2011,46
Vaud,5651,Villars-Sainte-Croix,16.02.2011,46
Vaud,5702,Arzier,16.02.2011,46
Vaud,5707,Chavannes-de-Bogis,16.02.2011,46
Vaud,5708,Chavannes-des-Bois,16.02.2011,46
Vaud,5711,Commugny,16.02.2011,46
Vaud,5714,Crassier,16.02.2011,46
Vaud,5716,Eysins,16.02.2011,46
Vaud,5717,Founex,16.02.2011,46
Vaud,5720,Givrins,16.02.2011,46
Vaud,5721,Gland,16.02.2011,46
Vaud,5724,Nyon,16.02.2011,46
Vaud,5727,Saint-Cergue,16.02.2011,46
Vaud,5729,Tannay,16.02.2011,46
Vaud,5730,Trélex,16.02.2011,46
Vaud,5813,Chevroux,16.02.2011,46
Vaud,5851,Allaman,16.02.2011,46
Vaud,5852,Bursinel,16.02.2011,46
Vaud,5859,Mont-sur-Rolle,16.02.2011,46
Vaud,5872,Le Chenit,16.02.2011,46
Vaud,5873,Le Lieu,16.02.2011,46
Vaud,5883,Corseaux,16.02.2011,46
Vaud,5884,Corsier-sur-Vevey,16.02.2011,46
Vaud,5922,Montagny-près-Yverdon,16.02.2011,46
Vaud,5935,Villars-Epeney,16.02.2011,46
Vaud,5401,Aigle,17.02.2011,47
Vaud,5404,Corbeyrier,17.02.2011,47
Vaud,5409,Ollon,17.02.2011,47
Vaud,5411,Ormont-Dessus,17.02.2011,47
Vaud,5414,Villeneuve (VD),17.02.2011,47
Vaud,5415,Yvorne,17.02.2011,47
Vaud,5422,Aubonne,17.02.2011,47
Vaud,5423,Ballens,17.02.2011,47
Vaud,5425,Bière,17.02.2011,47
Vaud,5428,Gimel,17.02.2011,47
Vaud,5434,Saint-George,17.02.2011,47
Vaud,5451,Avenches,17.02.2011,47
Vaud,5460,Mur (VD),17.02.2011,47
Vaud,5461,Oleyres,17.02.2011,47
Vaud,5463,Villars-le-Grand,17.02.2011,47
Vaud,5477,Cossonay,17.02.2011,47
Vaud,5497,Pompaples,17.02.2011,47
Vaud,5498,La Sarraz,17.02.2011,47
Vaud,5499,Senarclens,17.02.2011,47
Vaud,5513,Bioley-Orjulaz,17.02.2011,47
Vaud,5514,Bottens,17.02.2011,47
Vaud,5515,Bretigny-sur-Morrens,17.02.2011,47
Vaud,5516,Cugy (VD),17.02.2011,47
Vaud,5523,Froideville,17.02.2011,47
Vaud,5525,Goumoens-le-Jux,17.02.2011,47
Vaud,5527,Morrens (VD),17.02.2011,47
Vaud,5537,Villars-le-Terroir,17.02.2011,47
Vaud,5556,Fiez,17.02.2011,47
Vaud,5560,Grandevent,17.02.2011,47
Vaud,5562,Mauborget,17.02.2011,47
Vaud,5583,Crissier,17.02.2011,47
Vaud,5584,Epalinges,17.02.2011,47
Vaud,5587,Le Mont-sur-Lausanne,17.02.2011,47
Vaud,5602,Cully,17.02.2011,47
Vaud,5607,Puidoux,17.02.2011,47
Vaud,5611,Savigny,17.02.2011,47
Vaud,5622,Bremblens,17.02.2011,47
Vaud,5625,Bussy-Chardonney,17.02.2011,47
Vaud,5634,Echichens,17.02.2011,47
Vaud,5640,Lussy-sur-Morges,17.02.2011,47
Vaud,5642,Morges,17.02.2011,47
Vaud,5675,Lucens,17.02.2011,47
Vaud,5703,Bassins,17.02.2011,47
Vaud,5704,Begnins,17.02.2011,47
Vaud,5715,Duillier,17.02.2011,47
Vaud,5726,La Rippe,17.02.2011,47
Vaud,5744,Ballaigues,17.02.2011,47
Vaud,5748,Bretonnières,17.02.2011,47
Vaud,5756,Montcherand,17.02.2011,47
Vaud,5757,Orbe,17.02.2011,47
Vaud,5781,Bussigny-sur-Oron,17.02.2011,47
Vaud,5794,Oron-le-Châtel,17.02.2011,47
Vaud,5800,Les Tavernes,17.02.2011,47
Vaud,5801,Les Thioleyres,17.02.2011,47
Vaud,5819,Henniez,17.02.2011,47
Vaud,5843,Rougemont,17.02.2011,47
Vaud,5856,Essertines-sur-Rolle,17.02.2011,47
Vaud,5863,Vinzel,17.02.2011,47
Vaud,5881,Blonay,17.02.2011,47
Vaud,5882,Chardonne,17.02.2011,47
Vaud,5885,Jongny,17.02.2011,47
Vaud,5886,Montreux,17.02.2011,47
Vaud,5888,Saint-Légier-La Chiésaz,17.02.2011,47
Vaud,5889,La Tour-de-Peilz,17.02.2011,47
Vaud,5904,Chamblon,17.02.2011,47
Vaud,5909,Cheseaux-Noréaz,17.02.2011,47
Vaud,5929,Suchy,17.02.2011,47
Vaud,5930,Suscévaz,17.02.2011,47
Vaud,5936,Villars-sous-Champvent,17.02.2011,47
Vaud,5402,Bex,18.02.2011,48
Vaud,5405,Gryon,18.02.2011,48
Vaud,5406,Lavey-Morcles,18.02.2011,48
Vaud,5421,Apples,18.02.2011,48
Vaud,5431,Mollens (VD),18.02.2011,48
Vaud,5435,Saint-Livres,18.02.2011,48
Vaud,5437,Saubraz,18.02.2011,48
Vaud,5453,Chabrey,18.02.2011,48
Vaud,5455,Constantine,18.02.2011,48
Vaud,5459,Montmagny,18.02.2011,48
Vaud,5471,Bettens,18.02.2011,48
Vaud,5473,Boussens,18.02.2011,48
Vaud,5478,Cottens (VD),18.02.2011,48
Vaud,5480,Daillens,18.02.2011,48
Vaud,5485,Grancy,18.02.2011,48
Vaud,5486,L'Isle,18.02.2011,48
Vaud,5488,Mauraz,18.02.2011,48
Vaud,5493,Orny,18.02.2011,48
Vaud,5495,Penthalaz,18.02.2011,48
Vaud,5501,Sullens,18.02.2011,48
Vaud,5511,Assens,18.02.2011,48
Vaud,5518,Echallens,18.02.2011,48
Vaud,5519,Eclagnens,18.02.2011,48
Vaud,5520,Essertines-sur-Yverdon,18.02.2011,48
Vaud,5521,Etagnières,18.02.2011,48
Vaud,5524,Goumoens-la-Ville,18.02.2011,48
Vaud,5528,Naz,18.02.2011,48
Vaud,5529,Oulens-sous-Echallens,18.02.2011,48
Vaud,5532,Poliez-le-Grand,18.02.2011,48
Vaud,5533,Poliez-Pittet,18.02.2011,48
Vaud,5534,Rueyres,18.02.2011,48
Vaud,5538,Villars-Tiercelin,18.02.2011,48
Vaud,5552,Bullet,18.02.2011,48
Vaud,5557,Fontaines-sur-Grandson,18.02.2011,48
Vaud,5558,Fontanezier,18.02.2011,48
Vaud,5561,Grandson,18.02.2011,48
Vaud,5568,Sainte-Croix,18.02.2011,48
Vaud,5570,Villars-Burquin,18.02.2011,48
Vaud,5581,Belmont-sur-Lausanne,18.02.2011,48
Vaud,5582,Cheseaux-sur-Lausanne,18.02.2011,48
Vaud,5589,Prilly,18.02.2011,48
Vaud,5608,Riex,18.02.2011,48
Vaud,5631,Denens,18.02.2011,48
Vaud,5637,Lavigny,18.02.2011,48
Vaud,5644,Reverolle,18.02.2011,48
Vaud,5652,Villars-sous-Yens,18.02.2011,48
Vaud,5665,Chavannes-sur-Moudon,18.02.2011,48
Vaud,5667,Correvon,18.02.2011,48
Vaud,5669,Curtilles,18.02.2011,48
Vaud,5673,Hermenches,18.02.2011,48
Vaud,5674,Lovatens,18.02.2011,48
Vaud,5676,Martherenges,18.02.2011,48
Vaud,5678,Moudon,18.02.2011,48
Vaud,5683,Prévonloup,18.02.2011,48
Vaud,5684,Rossenges,18.02.2011,48
Vaud,5688,Syens,18.02.2011,48
Vaud,5731,Le Vaud,18.02.2011,48
Vaud,5743,Arnex-sur-Orbe,18.02.2011,48
Vaud,5745,Baulmes,18.02.2011,48
Vaud,5746,Bavois,18.02.2011,48
Vaud,5747,Bofflens,18.02.2011,48
Vaud,5749,Chavornay,18.02.2011,48
Vaud,5752,Croy,18.02.2011,48
Vaud,5764,Vallorbe,18.02.2011,48
Vaud,5782,Carrouge (VD),18.02.2011,48
Vaud,5783,Châtillens,18.02.2011,48
Vaud,5784,Chesalles-sur-Oron,18.02.2011,48
Vaud,5786,Les Cullayes,18.02.2011,48
Vaud,5787,Ecoteaux,18.02.2011,48
Vaud,5788,Essertes,18.02.2011,48
Vaud,5792,Montpreveyres,18.02.2011,48
Vaud,5793,Oron-la-Ville,18.02.2011,48
Vaud,5796,Peney-le-Jorat,18.02.2011,48
Vaud,5799,Servion,18.02.2011,48
Vaud,5802,Vuibroye,18.02.2011,48
Vaud,5816,Corcelles-près-Payerne,18.02.2011,48
Vaud,5821,Missy,18.02.2011,48
Vaud,5822,Payerne,18.02.2011,48
Vaud,5829,Villars-Bramard,18.02.2011,48
Vaud,5853,Bursins,18.02.2011,48
Vaud,5857,Gilly,18.02.2011,48
Vaud,5871,L'Abbaye,18.02.2011,48
Vaud,5890,Vevey,18.02.2011,48
Vaud,5891,Veytaux,18.02.2011,48
Vaud,5903,Bioley-Magnoux,18.02.2011,48
Vaud,5913,Donneloye,18.02.2011,48
Vaud,5914,Ependes (VD),18.02.2011,48
Vaud,5915,Essert-Pittet,18.02.2011,48
Vaud,5916,Essert-sous-Champvent,18.02.2011,48
Vaud,5919,Mathod,18.02.2011,48
Vaud,5924,Orges,18.02.2011,48
Vaud,5926,Pomy,18.02.2011,48
Vaud,5927,Prahins,18.02.2011,48
Vaud,5933,Valeyres-sous-Montagny,18.02.2011,48
Vaud,5939,Yvonand,18.02.2011,48
Vaud,5403,Chessel,19.02.2011,49
Vaud,5407,Leysin,19.02.2011,49
Vaud,5408,Noville,19.02.2011,49
Vaud,5410,Ormont-Dessous,19.02.2011,49
Vaud,5424,Berolle,19.02.2011,49
Vaud,5432,Montherod,19.02.2011,49
Vaud,5472,Bournens,19.02.2011,49
Vaud,5474,La Chaux (Cossonay),19.02.2011,49
Vaud,5476,Chevilly,19.02.2011,49
Vaud,5479,Cuarnens,19.02.2011,49
Vaud,5483,Ferreyres,19.02.2011,49
Vaud,5484,Gollion,19.02.2011,49
Vaud,5491,Mont-la-Ville,19.02.2011,49
Vaud,5494,Pampigny,19.02.2011,49
Vaud,5500,Sévery,19.02.2011,49
Vaud,5517,Dommartin,19.02.2011,49
Vaud,5522,Fey,19.02.2011,49
Vaud,5531,Penthéréaz,19.02.2011,49
Vaud,5535,Saint-Barthélemy (VD),19.02.2011,49
Vaud,5536,Sugnens,19.02.2011,49
Vaud,5539,Vuarrens,19.02.2011,49
Vaud,5554,Concise,19.02.2011,49
Vaud,5555,Corcelles-près-Concise,19.02.2011,49
Vaud,5563,Mutrux,19.02.2011,49
Vaud,5564,Novalles,19.02.2011,49
Vaud,5586,Lausanne,19.02.2011,49
Vaud,5591,Renens (VD),19.02.2011,49
Vaud,5603,Epesses,19.02.2011,49
Vaud,5627,Chavannes-près-Renens,19.02.2011,49
Vaud,5629,Clarmont,19.02.2011,49
Vaud,5654,Vullierens,19.02.2011,49
Vaud,5655,Yens,19.02.2011,49
Vaud,5662,Brenles,19.02.2011,49
Vaud,5666,Chesalles-sur-Moudon,19.02.2011,49
Vaud,5670,Denezy,19.02.2011,49
Vaud,5672,Forel-sur-Lucens,19.02.2011,49
Vaud,5680,Ogens,19.02.2011,49
Vaud,5682,Peyres-Possens,19.02.2011,49
Vaud,5686,Sarzens,19.02.2011,49
Vaud,5689,Thierrens,19.02.2011,49
Vaud,5690,Villars-le-Comte,19.02.2011,49
Vaud,5692,Vucherens,19.02.2011,49
Vaud,5742,Agiez,19.02.2011,49
Vaud,5751,Corcelles-sur-Chavornay,19.02.2011,49
Vaud,5754,Juriens,19.02.2011,49
Vaud,5760,Rances,19.02.2011,49
Vaud,5761,Romainmôtier-Envy,19.02.2011,49
Vaud,5763,Valeyres-sous-Rances,19.02.2011,49
Vaud,5766,Vuiteboeuf,19.02.2011,49
Vaud,5785,Corcelles-le-Jorat,19.02.2011,49
Vaud,5789,Ferlens (VD),19.02.2011,49
Vaud,5790,Maracon,19.02.2011,49
Vaud,5791,Mézières (VD),19.02.2011,49
Vaud,5795,Palézieux,19.02.2011,49
Vaud,5798,Ropraz,19.02.2011,49
Vaud,5811,Cerniaz (VD),19.02.2011,49
Vaud,5812,Champtauroz,19.02.2011,49
Vaud,5814,Combremont-le-Grand,19.02.2011,49
Vaud,5815,Combremont-le-Petit,19.02.2011,49
Vaud,5817,Grandcour,19.02.2011,49
Vaud,5818,Granges-près-Marnand,19.02.2011,49
Vaud,5826,Seigneux,19.02.2011,49
Vaud,5854,Burtigny,19.02.2011,49
Vaud,5862,Tartegnin,19.02.2011,49
Vaud,5902,Belmont-sur-Yverdon,19.02.2011,49
Vaud,5905,Champvent,19.02.2011,49
Vaud,5906,Chanéaz,19.02.2011,49
Vaud,5918,Gressy,19.02.2011,49
Vaud,5931,Treycovagnes,19.02.2011,49
Vaud,5934,Valeyres-sous-Ursins,19.02.2011,49
Vaud,5937,Vugelles-La Mothe,19.02.2011,49
Vaud,5938,Yverdon-les-Bains,19.02.2011,49
Vaud,5429,Longirod,20.02.2011,50
Vaud,5430,Marchissy,20.02.2011,50
Vaud,5436,Saint-Oyens,20.02.2011,50
Vaud,5475,Chavannes-le-Veyron,20.02.2011,50
Vaud,5490,Moiry,20.02.2011,50
Vaud,5512,Bercher,20.02.2011,50
Vaud,5530,Pailly,20.02.2011,50
Vaud,5566,Provence,20.02.2011,50
Vaud,5567,Romairon,20.02.2011,50
Vaud,5569,Vaugondry,20.02.2011,50
Vaud,5661,Boulens,20.02.2011,50
Vaud,5663,Bussy-sur-Moudon,20.02.2011,50
Vaud,5664,Chapelle-sur-Moudon,20.02.2011,50
Vaud,5668,Cremin,20.02.2011,50
Vaud,5671,Dompierre (VD),20.02.2011,50
Vaud,5677,Montaubion-Chardonney,20.02.2011,50
Vaud,5679,Neyruz-sur-Moudon,20.02.2011,50
Vaud,5681,Oulens-sur-Lucens,20.02.2011,50
Vaud,5685,Saint-Cierges,20.02.2011,50
Vaud,5687,Sottens,20.02.2011,50
Vaud,5691,Villars-Mendraz,20.02.2011,50
Vaud,5732,Vich,20.02.2011,50
Vaud,5741,L'Abergement,20.02.2011,50
Vaud,5750,Les Clées,20.02.2011,50
Vaud,5755,Lignerolle,20.02.2011,50
Vaud,5758,La Praz,20.02.2011,50
Vaud,5759,Premier,20.02.2011,50
Vaud,5762,Sergey,20.02.2011,50
Vaud,5765,Vaulion,20.02.2011,50
Vaud,5803,Vulliens,20.02.2011,50
Vaud,5820,Marnand,20.02.2011,50
Vaud,5824,Sassel,20.02.2011,50
Vaud,5827,Trey,20.02.2011,50
Vaud,5828,Treytorrens (Payerne),20.02.2011,50
Vaud,5830,Villarzel,20.02.2011,50
Vaud,5841,Château-d'Oex,20.02.2011,50
Vaud,5842,Rossinière,20.02.2011,50
Vaud,5907,Chavannes-le-Chêne,20.02.2011,50
Vaud,5908,Chêne-Pâquier,20.02.2011,50
Vaud,5910,Cronay,20.02.2011,50
Vaud,5911,Cuarny,20.02.2011,50
Vaud,5912,Démoret,20.02.2011,50
Vaud,5921,Molondin,20.02.2011,50
Vaud,5923,Oppens,20.02.2011,50
Vaud,5925,Orzens,20.02.2011,50
Vaud,5928,Rovray,20.02.2011,50
Vaud,5932,Ursins,20.02.2011,50
Valais,6009,Simplon,06.02.2011,36
Valais,6011,Zwischbergen,06.02.2011,36
Valais,6031,Bagnes,06.02.2011,36
Valais,6084,Hérémence,06.02.2011,36
Valais,6104,Ergisch,06.02.2011,36
Valais,6142,Trient,06.02.2011,36
Valais,6172,Bister,06.02.2011,36
Valais,6173,Bitsch,06.02.2011,36
Valais,6214,Finhaut,06.02.2011,36
Valais,6218,Salvan,06.02.2011,36
Valais,6282,Eisten,06.02.2011,36
Valais,6002,Brig-Glis,07.02.2011,37
Valais,6007,Naters,07.02.2011,37
Valais,6137,Martigny-Combe,07.02.2011,37
Valais,6294,Staldenried,07.02.2011,37
Valais,6300,Zermatt,07.02.2011,37
Valais,6136,Martigny,08.02.2011,38
Valais,6266,Sion,08.02.2011,38
Valais,6286,Lalden,08.02.2011,38
Valais,6293,Stalden (VS),08.02.2011,38
Valais,6001,Birgisch,09.02.2011,39
Valais,6025,Vétroz,09.02.2011,39
Valais,6058,Fieschertal,09.02.2011,39
Valais,6178,Martisberg,09.02.2011,39
Valais,6211,Collonges,09.02.2011,39
Valais,6213,Evionnaz,09.02.2011,39
Valais,6234,Chermignon,09.02.2011,39
Valais,6240,Lens,09.02.2011,39
Valais,6249,Venthône,09.02.2011,39
Valais,6297,Visp,09.02.2011,39
Valais,6010,Termen,10.02.2011,40
Valais,6023,Conthey,10.02.2011,40
Valais,6073,Grafschaft,10.02.2011,40
Valais,6076,Obergoms,10.02.2011,40
Valais,6112,Oberems,10.02.2011,40
Valais,6114,Turtmann,10.02.2011,40
Valais,6152,Collombey-Muraz,10.02.2011,40
Valais,6153,Monthey,10.02.2011,40
Valais,6154,Port-Valais,10.02.2011,40
Valais,6156,Troistorrents,10.02.2011,40
Valais,6158,Vionnaz,10.02.2011,40
Valais,6204,Steg-Hohtenn,10.02.2011,40
Valais,6239,Icogne,10.02.2011,40
Valais,6243,Montana,10.02.2011,40
Valais,6250,Veyras,10.02.2011,40
Valais,6281,Baltschieder,10.02.2011,40
Valais,6287,Randa,10.02.2011,40
Valais,6008,Ried-Brig,11.02.2011,41
Valais,6057,Fiesch,11.02.2011,41
Valais,6131,Bovernier,11.02.2011,41
Valais,6141,Saxon,11.02.2011,41
Valais,6246,Saint-Léonard,11.02.2011,41
Valais,6248,Sierre,11.02.2011,41
Valais,6265,Savièse,11.02.2011,41
Valais,6021,Ardon,12.02.2011,42
Valais,6033,Liddes,12.02.2011,42
Valais,6035,Sembrancher,12.02.2011,42
Valais,6036,Vollèges,12.02.2011,42
Valais,6052,Bellwald,12.02.2011,42
Valais,6054,Binn,12.02.2011,42
Valais,6056,Ernen,12.02.2011,42
Valais,6061,Lax,12.02.2011,42
Valais,6082,Ayent,12.02.2011,42
Valais,6089,Vex,12.02.2011,42
Valais,6132,Charrat,12.02.2011,42
Valais,6139,Riddes,12.02.2011,42
Valais,6159,Vouvry,12.02.2011,42
Valais,6216,Mex (VS),12.02.2011,42
Valais,6217,Saint-Maurice,12.02.2011,42
Valais,6219,Vernayaz,12.02.2011,42
Valais,6242,Mollens (VS),12.02.2011,42
Valais,6244,Randogne,12.02.2011,42
Valais,6295,Täsch,12.02.2011,42
Valais,6034,Orsières,13.02.2011,43
Valais,6101,Agarn,13.02.2011,43
Valais,6110,Leuk,13.02.2011,43
Valais,6115,Unterems,13.02.2011,43
Valais,6133,Fully,13.02.2011,43
Valais,6135,Leytron,13.02.2011,43
Valais,6140,Saillon,13.02.2011,43
Valais,6198,Niedergesteln,13.02.2011,43
Valais,6199,Raron,13.02.2011,43
Valais,6201,Unterbäch,13.02.2011,43
Valais,6212,Dorénaz,13.02.2011,43
Valais,6220,Vérossaz,13.02.2011,43
Valais,6235,Chippis,13.02.2011,43
Valais,6263,Grimisuat,13.02.2011,43
Valais,6292,St. Niklaus,13.02.2011,43
Valais,6296,Törbel,13.02.2011,43
Valais,6022,Chamoson,14.02.2011,44
Valais,6024,Nendaz,14.02.2011,44
Valais,6032,Bourg-Saint-Pierre,14.02.2011,44
Valais,6064,Niederwald,14.02.2011,44
Valais,6074,Münster-Geschinen,14.02.2011,44
Valais,6105,Erschmatt,14.02.2011,44
Valais,6117,Guttet-Feschel,14.02.2011,44
Valais,6118,Gampel-Bratsch,14.02.2011,44
Valais,6157,Val-d'Illiez,14.02.2011,44
Valais,6171,Betten,14.02.2011,44
Valais,6193,Bürchen,14.02.2011,44
Valais,6194,Eischoll,14.02.2011,44
Valais,6203,Mörel-Filet,14.02.2011,44
Valais,6215,Massongex,14.02.2011,44
Valais,6232,Chalais,14.02.2011,44
Valais,6238,Grône,14.02.2011,44
Valais,6252,Anniviers,14.02.2011,44
Valais,6261,Arbaz,14.02.2011,44
Valais,6299,Zeneggen,14.02.2011,44
Valais,6055,Blitzingen,15.02.2011,45
Valais,6075,Reckingen-Gluringen,15.02.2011,45
Valais,6090,Mont-Noble,15.02.2011,45
Valais,6113,Salgesch,15.02.2011,45
Valais,6241,Miège,15.02.2011,45
Valais,6283,Embd,15.02.2011,45
Valais,6298,Visperterminen,15.02.2011,45
Valais,6087,Saint-Martin (VS),16.02.2011,46
Valais,6109,Inden,16.02.2011,46
Valais,6116,Varen,16.02.2011,46
Valais,6134,Isérables,16.02.2011,46
Valais,6151,Champéry,16.02.2011,46
Valais,6177,Grengiols,16.02.2011,46
Valais,6181,Riederalp,16.02.2011,46
Valais,6202,Wiler (Lötschen),16.02.2011,46
Valais,6267,Veysonnaz,16.02.2011,46
Valais,6004,Eggerberg,17.02.2011,47
Valais,6083,Evolène,17.02.2011,47
Valais,6102,Albinen,17.02.2011,47
Valais,6155,Saint-Gingolph,17.02.2011,47
Valais,6191,Ausserberg,17.02.2011,47
Valais,6290,Saas-Fee,17.02.2011,47
Valais,6291,Saas-Grund,17.02.2011,47
Valais,6006,Mund,18.02.2011,48
Valais,6081,Les Agettes,18.02.2011,48
Valais,6111,Leukerbad,18.02.2011,48
Valais,6192,Blatten,18.02.2011,48
Valais,6197,Kippel,18.02.2011,48
Valais,6289,Saas-Balen,18.02.2011,48
Valais,6195,Ferden,19.02.2011,49
Valais,6264,Salins,19.02.2011,49
Valais,6288,Saas-Almagell,19.02.2011,49
Valais,6285,Grächen,21.02.2011,51
Neuchâtel,6461,La Tène,21.02.2011,51
Neuchâtel,6401,Auvernier,23.02.2011,53
Neuchâtel,6403,Bôle,23.02.2011,53
Neuchâtel,6406,Colombier (NE),23.02.2011,53
Neuchâtel,6409,Fresens,23.02.2011,53
Neuchâtel,6410,Gorgier,23.02.2011,53
Neuchâtel,6415,Vaumarcus,23.02.2011,53
Neuchâtel,6431,Les Brenets,23.02.2011,53
Neuchâtel,6478,Fontainemelon,23.02.2011,53
Neuchâtel,6408,Cortaillod,24.02.2011,54
Neuchâtel,6451,Cornaux,24.02.2011,54
Neuchâtel,6455,Le Landeron,24.02.2011,54
Neuchâtel,6458,Neuchâtel,24.02.2011,54
Neuchâtel,6459,Saint-Blaise,24.02.2011,54
Neuchâtel,6476,Engollon,24.02.2011,54
Neuchâtel,6479,Fontaines (NE),24.02.2011,54
Neuchâtel,6485,Valangin,24.02.2011,54
Neuchâtel,6402,Bevaix,25.02.2011,55
Neuchâtel,6405,Brot-Dessous,25.02.2011,55
Neuchâtel,6412,Peseux,25.02.2011,55
Neuchâtel,6433,Brot-Plamboz,25.02.2011,55
Neuchâtel,6454,Hauterive (NE),25.02.2011,55
Neuchâtel,6471,Boudevilliers,25.02.2011,55
Neuchâtel,6474,Coffrane,25.02.2011,55
Neuchâtel,6480,Les Geneveys-sur-Coffrane,25.02.2011,55
Neuchâtel,6481,Les Hauts-Geneveys,25.02.2011,55
Neuchâtel,6482,Montmollin,25.02.2011,55
Neuchâtel,6484,Savagnier,25.02.2011,55
Neuchâtel,6486,Villiers,25.02.2011,55
Neuchâtel,6404,Boudry,26.02.2011,56
Neuchâtel,6407,Corcelles-Cormondrèche,26.02.2011,56
Neuchâtel,6413,Rochefort,26.02.2011,56
Neuchâtel,6414,Saint-Aubin-Sauges,26.02.2011,56
Neuchâtel,6421,La Chaux-de-Fonds,26.02.2011,56
Neuchâtel,6423,La Sagne,26.02.2011,56
Neuchâtel,6434,Le Cerneux-Péquignot,26.02.2011,56
Neuchâtel,6435,La Chaux-du-Milieu,26.02.2011,56
Neuchâtel,6436,Le Locle,26.02.2011,56
Neuchâtel,6437,Les Ponts-de-Martel,26.02.2011,56
Neuchâtel,6453,Enges,26.02.2011,56
Neuchâtel,6456,Lignières,26.02.2011,56
Neuchâtel,6472,Cernier,26.02.2011,56
Neuchâtel,6475,Dombresson,26.02.2011,56
Neuchâtel,6477,Fenin-Vilars-Saules,26.02.2011,56
Neuchâtel,6504,La Côte-aux-Fées,26.02.2011,56
Neuchâtel,6422,Les Planchettes,27.02.2011,57
Neuchâtel,6432,La Brévine,27.02.2011,57
Neuchâtel,6452,Cressier (NE),27.02.2011,57
Neuchâtel,6473,Chézard-Saint-Martin,27.02.2011,57
Neuchâtel,6483,Le Pâquier (NE),27.02.2011,57
Neuchâtel,6511,Les Verrières,27.02.2011,57
Neuchâtel,6512,Val-de-Travers,27.02.2011,57
Neuchâtel,6411,Montalchez,28.02.2011,58
Geneve,6622,Genthod,04.02.2011,34
Geneve,6616,Collonge-Bellerive,05.02.2011,35
Geneve,6617,Cologny,05.02.2011,35
Geneve,6642,Vandoeuvres,05.02.2011,35
Geneve,6602,Anières,06.02.2011,36
Geneve,6610,Céligny,06.02.2011,36
Geneve,6612,Chêne-Bougeries,06.02.2011,36
Geneve,6619,Corsier (GE),06.02.2011,36
Geneve,6634,Pregny-Chambésy,06.02.2011,36
Geneve,6605,Bardonnex,07.02.2011,37
Geneve,6608,Carouge (GE),07.02.2011,37
Geneve,6609,Cartigny,07.02.2011,37
Geneve,6633,Plan-les-Ouates,07.02.2011,37
Geneve,6635,Presinge,07.02.2011,37
Geneve,6638,Satigny,07.02.2011,37
Geneve,6641,Troinex,07.02.2011,37
Geneve,6645,Veyrier,07.02.2011,37
Geneve,6606,Bellevue,08.02.2011,38
Geneve,6614,Choulex,08.02.2011,38
Geneve,6621,Genève,08.02.2011,38
Geneve,6623,Le Grand-Saconnex,08.02.2011,38
Geneve,6625,Hermance,08.02.2011,38
Geneve,6626,Jussy,08.02.2011,38
Geneve,6629,Meinier,08.02.2011,38
Geneve,6630,Meyrin,08.02.2011,38
Geneve,6632,Perly-Certoux,08.02.2011,38
Geneve,6640,Thônex,08.02.2011,38
Geneve,6601,Aire-la-Ville,09.02.2011,39
Geneve,6604,Avusy,09.02.2011,39
Geneve,6607,Bernex,09.02.2011,39
Geneve,6613,Chêne-Bourg,09.02.2011,39
Geneve,6615,Collex-Bossy,09.02.2011,39
Geneve,6618,Confignon,09.02.2011,39
Geneve,6620,Dardagny,09.02.2011,39
Geneve,6624,Gy,09.02.2011,39
Geneve,6627,Laconnex,09.02.2011,39
Geneve,6628,Lancy,09.02.2011,39
Geneve,6631,Onex,09.02.2011,39
Geneve,6636,Puplinge,09.02.2011,39
Geneve,6639,Soral,09.02.2011,39
Geneve,6643,Vernier,09.02.2011,39
Geneve,6644,Versoix,09.02.2011,39
Geneve,6603,Avully,10.02.2011,40
Geneve,6611,Chancy,10.02.2011,40
Geneve,6637,Russin,10.02.2011,40
Jura,6753,Muriaux,14.02.2011,44
Jura,6774,Boncourt,14.02.2011,44
Jura,6704,Châtillon (JU),17.02.2011,47
Jura,6710,Courtételle,17.02.2011,47
Jura,6711,Delémont,17.02.2011,47
Jura,6743,Les Breuleux,17.02.2011,47
Jura,6702,Boécourt,18.02.2011,48
Jura,6708,Courrendlin,18.02.2011,48
Jura,6709,Courroux,18.02.2011,48
Jura,6724,Soyhières,18.02.2011,48
Jura,6741,Le Bémont (JU),18.02.2011,48
Jura,6754,Le Noirmont,18.02.2011,48
Jura,6757,Saignelégier,18.02.2011,48
Jura,6790,Fontenais,18.02.2011,48
Jura,6701,Bassecourt,19.02.2011,49
Jura,6712,Develier,19.02.2011,49
Jura,6713,Ederswiler,19.02.2011,49
Jura,6714,Glovelier,19.02.2011,49
Jura,6721,Rossemaison,19.02.2011,49
Jura,6744,La Chaux-des-Breuleux,19.02.2011,49
Jura,6748,Les Genevez (JU),19.02.2011,49
Jura,6771,Alle,19.02.2011,49
Jura,6775,Bonfol,19.02.2011,49
Jura,6782,Cornol,19.02.2011,49
Jura,6783,Courchavon,19.02.2011,49
Jura,6784,Courgenay,19.02.2011,49
Jura,6785,Courtedoux,19.02.2011,49
Jura,6800,Porrentruy,19.02.2011,49
Jura,6809,Haute-Ajoie,19.02.2011,49
Jura,6810,La Baroche,19.02.2011,49
Jura,6706,Courchapoix,20.02.2011,50
Jura,6707,Courfaivre,20.02.2011,50
Jura,6716,Mettembert,20.02.2011,50
Jura,6719,Pleigne,20.02.2011,50
Jura,6723,Soulce,20.02.2011,50
Jura,6727,Vicques,20.02.2011,50
Jura,6728,Vellerat,20.02.2011,50
Jura,6742,Les Bois,20.02.2011,50
Jura,6745,Les Enfers,20.02.2011,50
Jura,6750,Lajoux (JU),20.02.2011,50
Jura,6751,Montfaucon,20.02.2011,50
Jura,6773,Beurnevésin,20.02.2011,50
Jura,6776,Bressaucourt,20.02.2011,50
Jura,6778,Bure,20.02.2011,50
Jura,6787,Damphreux,20.02.2011,50
Jura,6789,Fahy,20.02.2011,50
Jura,6803,Rocourt,20.02.2011,50
Jura,6806,Vendlincourt,20.02.2011,50
Jura,6808,Clos du Doubs,20.02.2011,50
Jura,6703,Bourrignon,21.02.2011,51
Jura,6705,Corban,21.02.2011,51
Jura,6715,Mervelier,21.02.2011,51
Jura,6717,Montsevelier,21.02.2011,51
Jura,6718,Movelier,21.02.2011,51
Jura,6720,Rebeuvelier,21.02.2011,51
Jura,6722,Saulcy,21.02.2011,51
Jura,6725,Undervelier,21.02.2011,51
Jura,6726,Vermes,21.02.2011,51
Jura,6758,Saint-Brais,21.02.2011,51
Jura,6759,Soubey,21.02.2011,51
Jura,6781,Coeuve,21.02.2011,51
Jura,6792,Grandfontaine,21.02.2011,51
Jura,6793,Lugnez,21.02.2011,51
Jura,6807,Basse-Allaine,21.02.2011,51
